roi,time_ms,t_value,p_value,p_fdr,sig,mean_diff_uV
Frontal ROI,-100.0,-1.4827357652259225,0.1722917968045237,0.35726084841821365,False,-0.24288731665166755
Frontal ROI,-99.0,-1.396572622569874,0.19602394801345574,0.35726084841821365,False,-0.20289704711912976
Frontal ROI,-98.0,-1.2940883396450866,0.22785394994022035,0.37494276738989313,False,-0.15482062707970407
Frontal ROI,-97.0,-1.1402633182291289,0.28361144992664855,0.43408652052091845,False,-0.10392858584000546
Frontal ROI,-96.0,-0.8352449729791854,0.42519644531033995,0.5479093900046843,False,-0.056397867312292925
Frontal ROI,-95.0,-0.30586750196953744,0.7666623369879687,0.8423672386027681,False,-0.017804667505139846
Frontal ROI,-94.0,0.13024892618695572,0.8992342281933549,0.9450722548179037,False,0.008219506377987023
Frontal ROI,-93.0,0.29088170600714575,0.7777337269015305,0.8531945892926024,False,0.02078126759155157
Frontal ROI,-92.0,0.28362664638018786,0.7831129899589011,0.8568898853122449,False,0.02175005931538735
Frontal ROI,-91.0,0.19183417320867094,0.852130448242733,0.9119747239971845,False,0.015020565744431258
Frontal ROI,-90.0,0.06699985806227732,0.9480466179612932,0.9758893967560448,False,0.005259575530644545
Frontal ROI,-89.0,-0.043201895670984064,0.9664838965619731,0.9861793471469332,False,-0.003446959925011267
Frontal ROI,-88.0,-0.1033410689509429,0.9199583856448375,0.961089162946395,False,-0.008605994919223819
Frontal ROI,-87.0,-0.10956565896850072,0.9151579760274396,0.9589323485728479,False,-0.009683545534676773
Frontal ROI,-86.0,-0.08299889909222237,0.935669118471755,0.9674101062665196,False,-0.007770382379952911
Frontal ROI,-85.0,-0.048846543217756964,0.9621084138762648,0.9845810191638855,False,-0.0047653017789590305
Frontal ROI,-84.0,-0.024965265262356137,0.9806274470846732,0.9914413159589102,False,-0.00247983202018488
Frontal ROI,-83.0,-0.020910622221396502,0.9837732111467674,0.9914413159589102,False,-0.0020684987409896327
Frontal ROI,-82.0,-0.04106840332899243,0.9681380031095581,0.9864313084008725,False,-0.0039886379315055235
Frontal ROI,-81.0,-0.08824938399426425,0.9316109368925407,0.9674101062665196,False,-0.008397306182611886
Frontal ROI,-80.0,-0.1665933372582238,0.8713727466383565,0.926907883753396,False,-0.01565768105190991
Frontal ROI,-79.0,-0.28304207346099575,0.7835469564695421,0.8568898853122449,False,-0.02657209428993799
Frontal ROI,-78.0,-0.44526620462333244,0.666644330002669,0.7594693689584573,False,-0.04211566113518741
Frontal ROI,-77.0,-0.654234793406345,0.5293218238696301,0.6386481902454574,False,-0.06273197275412119
Frontal ROI,-76.0,-0.8961943217162466,0.3934882220772694,0.5243796129318272,False,-0.08753297662639545
Frontal ROI,-75.0,-1.1456480147367487,0.2814894229715144,0.43367102622642173,False,-0.11385521268048224
Frontal ROI,-74.0,-1.379981293394747,0.20090409285627428,0.35744611444733065,False,-0.137502462317246
Frontal ROI,-73.0,-1.5853605097611663,0.14734564028617358,0.34544914327962434,False,-0.15370393316553452
Frontal ROI,-72.0,-1.7372605896813194,0.11635094364372323,0.2944476949250902,False,-0.15849473823012017
Frontal ROI,-71.0,-1.7583386338188038,0.11255642591136544,0.28796370278783645,False,-0.15003885315587898
Frontal ROI,-70.0,-1.52768871380552,0.16093820060314795,0.35373680087939186,False,-0.12942262138325739
Frontal ROI,-69.0,-1.0836446064945806,0.30669771697389153,0.453576159490924,False,-0.10062402895130895
Frontal ROI,-68.0,-0.6521365161388851,0.5306136049498436,0.6391067647248116,False,-0.06962259305515758
Frontal ROI,-67.0,-0.3566658694085369,0.7295609703618793,0.8143666245599958,False,-0.04288660375076864
Frontal ROI,-66.0,-0.19994094109169758,0.8459714683546596,0.9081562010974218,False,-0.025691121677942175
Frontal ROI,-65.0,-0.16085115214771048,0.8757633033831935,0.9287595698511628,False,-0.02080723934236251
Frontal ROI,-64.0,-0.2274918638019443,0.8251251005215463,0.8926121843604999,False,-0.027998424887740403
Frontal ROI,-63.0,-0.3980507330980534,0.6998698638622087,0.7887600877289522,False,-0.044460418016634515
Frontal ROI,-62.0,-0.6694812427834542,0.5199921314833079,0.6317408737778143,False,-0.06596463037572664
Frontal ROI,-61.0,-1.0063481297589492,0.3405365225992146,0.4812824643992932,False,-0.08819417335837461
Frontal ROI,-60.0,-1.3038757287528366,0.22463710145644333,0.3731530998127175,False,-0.10773347121643966
Frontal ROI,-59.0,-1.4525940395389947,0.1802927150088828,0.35726084841821365,False,-0.12239832189395095
Frontal ROI,-58.0,-1.4627409897325911,0.1775637935891444,0.35726084841821365,False,-0.13095806212662925
Frontal ROI,-57.0,-1.4098729409884205,0.19218566672185225,0.35726084841821365,False,-0.13261382701272906
Frontal ROI,-56.0,-1.338146887154993,0.21367195417851825,0.3673614124350719,False,-0.12668255207801726
Frontal ROI,-55.0,-1.2488880770298603,0.2432121034237852,0.3900361071729677,False,-0.11273262421078496
Frontal ROI,-54.0,-1.1119013708510892,0.29499857063577284,0.44186751712751443,False,-0.09106379239370818
Frontal ROI,-53.0,-0.8733676832000014,0.4051625190814325,0.532868528848188,False,-0.06316017044107189
Frontal ROI,-52.0,-0.48857038225245913,0.636829642413153,0.7341080585684526,False,-0.03174005592743147
Frontal ROI,-51.0,-0.004181800955805889,0.9967546410042163,0.9967546410042162,False,-0.0002606323891258977
Frontal ROI,-50.0,0.4327685044137268,0.6753683599135071,0.7660731720054507,False,0.027948365042748412
Frontal ROI,-49.0,0.7193513968859154,0.4901804286841489,0.6049585924429373,False,0.05053726265931776
Frontal ROI,-48.0,0.8554414322230443,0.414499447067719,0.5390799858895566,False,0.06659677061527225
Frontal ROI,-47.0,0.8849347142458139,0.39921663657001527,0.5280204947841145,False,0.07656130276904949
Frontal ROI,-46.0,0.8521946382609221,0.4162064169744695,0.5400554898622,False,0.08168332799220487
Frontal ROI,-45.0,0.790765349442954,0.4494157950978962,0.5686651125697206,False,0.08339346263619561
Frontal ROI,-44.0,0.7233350795270183,0.48784623669630434,0.6042053214206878,False,0.08284764548493596
Frontal ROI,-43.0,0.6635066113971727,0.523636271258034,0.6350675192939133,False,0.08079718529107063
Frontal ROI,-42.0,0.6182807522987984,0.5517139676202322,0.659985480037172,False,0.07773006385328196
Frontal ROI,-41.0,0.5912919929851614,0.5688761352459075,0.6759019844192902,False,0.07413191279011108
Frontal ROI,-40.0,0.585846874604238,0.5723747432230476,0.6759342747782647,False,0.07071556918744644
Frontal ROI,-39.0,0.6067886464178643,0.558985219949176,0.6664092503135586,False,0.06852531074055156
Frontal ROI,-38.0,0.6599886919850625,0.5257891520083033,0.6365771944003811,False,0.06887005479800987
Frontal ROI,-37.0,0.7474764784588614,0.473852189030892,0.5895319621346842,False,0.07306633094389706
Frontal ROI,-36.0,0.8584312856956445,0.41293186354035627,0.538039472754256,False,0.08200109690616815
Frontal ROI,-35.0,0.9649029030143572,0.35980289194387194,0.49649965994616974,False,0.09561090850744636
Frontal ROI,-34.0,1.0356670111677884,0.32738231308684484,0.46931493143942377,False,0.11249190861507245
Frontal ROI,-33.0,1.061309689188867,0.31619777687391576,0.4607761210071285,False,0.12991269085104368
Frontal ROI,-32.0,1.0583304000779408,0.3174819778123296,0.4607761210071285,False,0.14439976200228208
Frontal ROI,-31.0,1.0511774734840744,0.32058156223096157,0.46240262371173674,False,0.1528042473729559
Frontal ROI,-30.0,1.0611376602769231,0.3162718197370993,0.4607761210071285,False,0.1534600005014019
Frontal ROI,-29.0,1.10750999496055,0.2967934235894644,0.4429815426983435,False,0.14689447340403775
Frontal ROI,-28.0,1.2079087346911708,0.25786420728299053,0.4043910722715355,False,0.1356904713612695
Frontal ROI,-27.0,1.3516231698316945,0.20948579208543971,0.36529736381067973,False,0.1235000511615308
Frontal ROI,-26.0,1.4356138613537361,0.18494105155947566,0.35726084841821365,False,0.113661722186295
Frontal ROI,-25.0,1.3886564214393047,0.1983395757221866,0.35726084841821365,False,0.10809086684288016
Frontal ROI,-24.0,1.345242082528426,0.2114592121004185,0.3673614124350719,False,0.10694388067789591
Frontal ROI,-23.0,1.396760994116081,0.19596912996567487,0.35726084841821365,False,0.10910427441946784
Frontal ROI,-22.0,1.502197673062522,0.16729260043070135,0.35726084841821365,False,0.11309263757450286
Frontal ROI,-21.0,1.5372737878130653,0.15860464095205623,0.35373680087939186,False,0.11783067867930024
Frontal ROI,-20.0,1.4681256647471312,0.17613032871318296,0.35726084841821365,False,0.12287504855216849
Frontal ROI,-19.0,1.4045424576863574,0.19371612886959105,0.35726084841821365,False,0.12811934972153943
Frontal ROI,-18.0,1.4261605147060343,0.18757369972608004,0.35726084841821365,False,0.13327421978271642
Frontal ROI,-17.0,1.5559425724040314,0.1541456302496134,0.3514428187244807,False,0.1374946164615727
Frontal ROI,-16.0,1.7807496255597366,0.10864751434535157,0.2800070130738656,False,0.13935343580773624
Frontal ROI,-15.0,1.99778142409265,0.07682711513996388,0.2569214864659644,False,0.1371341310442033
Frontal ROI,-14.0,1.986338847695219,0.0782567535232393,0.2586989325092765,False,0.12928185983725254
Frontal ROI,-13.0,1.6890056364237296,0.1254845821227955,0.31082930059392105,False,0.11483627322156895
Frontal ROI,-12.0,1.2833253256713313,0.23143579703708153,0.3781736450419444,False,0.09371440868309236
Frontal ROI,-11.0,0.8706287436411254,0.4065794933111674,0.5329698898769593,False,0.06678231721027161
Frontal ROI,-10.0,0.45573022398196583,0.6593803389578603,0.7540385279110279,False,0.0357278397801764
Frontal ROI,-9.0,0.03545608203993766,0.9724900091500052,0.9885518601560811,False,0.002805127806027158
Frontal ROI,-8.0,-0.36871496391539854,0.7208644761752651,0.8059425802214686,False,-0.02947838225562016
Frontal ROI,-7.0,-0.7202743061857547,0.48963903389292396,0.6049585924429373,False,-0.05870473963830179
Frontal ROI,-6.0,-0.9801804792669564,0.35260903762433116,0.49132576594782185,False,-0.08293266164442785
Frontal ROI,-5.0,-1.1129747116748598,0.2945611719015103,0.44186751712751443,False,-0.10112613297000077
Frontal ROI,-4.0,-1.117855075520542,0.2925787960085087,0.4401238969999241,False,-0.11353552218610172
Frontal ROI,-3.0,-1.0489594240062041,0.3215474116097197,0.46284339946286146,False,-0.12185377203007106
Frontal ROI,-2.0,-0.9743270406665939,0.3553525867839453,0.49132576594782185,False,-0.12898004401859248
Frontal ROI,-1.0,-0.9367204401303417,0.37335575711588076,0.50522747055005,False,-0.1383735010543805
Frontal ROI,0.0,-0.952779024147024,0.3655882929634463,0.49905458095583144,False,-0.15317556172144078
Frontal ROI,1.0,-1.0223134146094959,0.3333249208720425,0.4743761446006928,False,-0.17537590781633128
Frontal ROI,2.0,-1.131942088290546,0.286915683175509,0.43723455196963434,False,-0.20523484428540514
Frontal ROI,3.0,-1.256390246681051,0.24060529005757728,0.38862743854922044,False,-0.2410483165483106
Frontal ROI,4.0,-1.365386726926261,0.20528247374583714,0.3615653620498287,False,-0.2792631821190487
Frontal ROI,5.0,-1.4374459758865887,0.18443455076996834,0.35726084841821365,False,-0.3149511130832056
Frontal ROI,6.0,-1.4692529677429509,0.17583151022673202,0.35726084841821365,False,-0.3426673438826025
Frontal ROI,7.0,-1.4716552866326789,0.17519619648811724,0.35726084841821365,False,-0.3576618125486163
Frontal ROI,8.0,-1.4595184813454891,0.17842652575585163,0.35726084841821365,False,-0.3572504691373852
Frontal ROI,9.0,-1.4457047565616705,0.1821662715606147,0.35726084841821365,False,-0.3419484624548819
Frontal ROI,10.0,-1.440562510201765,0.18357572804757502,0.35726084841821365,False,-0.31586633012244
Frontal ROI,11.0,-1.4536790412468161,0.179999180167823,0.35726084841821365,False,-0.28601473005388856
Frontal ROI,12.0,-1.4946996404533717,0.16920332178442493,0.35726084841821365,False,-0.26054995923072766
Frontal ROI,13.0,-1.5701639543022794,0.15082412508485285,0.35009176054464186,False,-0.2464504074145078
Frontal ROI,14.0,-1.6753780244895178,0.128180191918924,0.31527829661461654,False,-0.2474141883804999
Frontal ROI,15.0,-1.7904023803500821,0.10700293374035512,0.27988453937309304,False,-0.26276460138011615
Frontal ROI,16.0,-1.894120313465523,0.09073691055694011,0.2617571141600156,False,-0.2878167193534093
Frontal ROI,17.0,-1.9835730756665204,0.07860609504204835,0.2586989325092765,False,-0.3156125234646868
Frontal ROI,18.0,-2.072850340914631,0.06804907388494079,0.24337959588440558,False,-0.3393683487933414
Frontal ROI,19.0,-2.1785883374333603,0.05730613913740698,0.22881861317352922,False,-0.3546792317005517
Frontal ROI,20.0,-2.3074024991728,0.04643348171166072,0.22371671498349943,False,-0.36064565028461715
Frontal ROI,21.0,-2.4445423861626496,0.03708726606479199,0.20966268960821924,False,-0.3595880819283675
Frontal ROI,22.0,-2.546883608671117,0.03135465333229777,0.19801452239586248,False,-0.35562409652541227
Frontal ROI,23.0,-2.561031926007956,0.03063521892144306,0.19718341676203607,False,-0.3528125102757556
Frontal ROI,24.0,-2.464128535066337,0.035914567353922094,0.2063615714352409,False,-0.35364041823185105
Frontal ROI,25.0,-2.2776483989539034,0.0487495962104749,0.22371671498349943,False,-0.35836864715481065
Frontal ROI,26.0,-2.0482396309091673,0.07081514020133434,0.24820706640567686,False,-0.365320502586612
Frontal ROI,27.0,-1.8243302911734989,0.10140417841877268,0.26925882224075626,False,-0.37181368476623883
Frontal ROI,28.0,-1.6380278943927031,0.13584040987017626,0.32611002506504644,False,-0.37525352896024694
Frontal ROI,29.0,-1.502174978174253,0.1672983549918874,0.35726084841821365,False,-0.3739662327404639
Frontal ROI,30.0,-1.4184869411106569,0.18973448785663358,0.35726084841821365,False,-0.36755418373304455
Frontal ROI,31.0,-1.3850610204175806,0.199399015513432,0.35726084841821365,False,-0.35677225728300344
Frontal ROI,32.0,-1.3989748419110881,0.19532586392102788,0.35726084841821365,False,-0.34306567756817435
Frontal ROI,33.0,-1.4542097098236961,0.1798557654589479,0.35726084841821365,False,-0.32796999927519754
Frontal ROI,34.0,-1.5360524978983667,0.1589002961941667,0.35373680087939186,False,-0.3125785158498976
Frontal ROI,35.0,-1.616920316387041,0.14035046270977727,0.3344801291234665,False,-0.2972322726490658
Frontal ROI,36.0,-1.6640430154892447,0.1304623751026528,0.31754904495472086,False,-0.2815010165478473
Frontal ROI,37.0,-1.658520981538499,0.131587505607158,0.3191793821128643,False,-0.26443002597426435
Frontal ROI,38.0,-1.6031137242573317,0.1433730857180023,0.33839910130747347,False,-0.2449645150345424
Frontal ROI,39.0,-1.511141570739632,0.1650382982902346,0.35707360216498285,False,-0.22243729908356347
Frontal ROI,40.0,-1.3949113363951975,0.19650796981472612,0.35726084841821365,False,-0.19698998521915795
Frontal ROI,41.0,-1.2622280138603685,0.2385928175730736,0.3864646899748826,False,-0.1697861658550754
Frontal ROI,42.0,-1.1186227940847782,0.2922679115807873,0.4401238969999241,False,-0.1429095888413566
Frontal ROI,43.0,-0.9744094226111701,0.3553138643763194,0.49132576594782185,False,-0.11894847566962194
Frontal ROI,44.0,-0.8510861106138835,0.4167903281247506,0.5400554898622,False,-0.1004094388902399
Frontal ROI,45.0,-0.7756917827509738,0.45782844250275356,0.5772261478317091,False,-0.08917746932709666
Frontal ROI,46.0,-0.7650092111203312,0.46385288420974247,0.5827255767581173,False,-0.08619411814189162
Frontal ROI,47.0,-0.8114322998297202,0.43804982024133954,0.5593313733864828,False,-0.09140105878195787
Frontal ROI,48.0,-0.8779831969552657,0.4027825559320324,0.5307341573465314,False,-0.10386917646334219
Frontal ROI,49.0,-0.9262018977089599,0.37850812604494655,0.5102580699182837,False,-0.12196888644607282
Frontal ROI,50.0,-0.9544902789924155,0.36476758798863673,0.49905458095583144,False,-0.14345811341744658
Frontal ROI,51.0,-0.9822817456045511,0.3516280032230481,0.49132576594782185,False,-0.16547519389542875
Frontal ROI,52.0,-1.0216556403302646,0.3336197422084758,0.4743761446006928,False,-0.18456213089592305
Frontal ROI,53.0,-1.0721710359965386,0.3115499468163263,0.4578543243569072,False,-0.19691297806791513
Frontal ROI,54.0,-1.1217112020642843,0.2910199029307452,0.4401238969999241,False,-0.19897554691443897
Frontal ROI,55.0,-1.143842793099753,0.282199421543173,0.43367102622642173,False,-0.18835903096335013
Frontal ROI,56.0,-1.096345605511102,0.3013951196779749,0.4476228366403822,False,-0.16479081454301298
Frontal ROI,57.0,-0.9377402713377084,0.37285892639974916,0.50522747055005,False,-0.1307196562581891
Frontal ROI,58.0,-0.6729180026981317,0.5179029005218001,0.6302950230308713,False,-0.09117755165967863
Frontal ROI,59.0,-0.37806339138556266,0.7141462064543962,0.8009863851592508,False,-0.05274590747044805
Frontal ROI,60.0,-0.14570347857244506,0.887366593924608,0.9359594289010822,False,-0.021854683532811597
Frontal ROI,61.0,-0.018185470776156284,0.9858876692841786,0.9914413159589102,False,-0.0029801911901266354
Frontal ROI,62.0,0.014662600541996954,0.988621251293895,0.9914413159589102,False,0.002598830934924884
Frontal ROI,63.0,-0.015970000744141153,0.9876067497616605,0.9914413159589102,False,-0.002975068153771765
Frontal ROI,64.0,-0.0795716232021666,0.9383191804887917,0.9681430216565634,False,-0.015007899997902807
Frontal ROI,65.0,-0.1514539540564359,0.8829581620361675,0.9335651155163701,False,-0.027883902465779865
Frontal ROI,66.0,-0.21035591301344822,0.8380751207612862,0.9010592939473338,False,-0.03684877892683025
Frontal ROI,67.0,-0.23712824618548356,0.8178668680204036,0.8874994961026361,False,-0.03930389486082838
Frontal ROI,68.0,-0.220571765237296,0.8303482948236478,0.8954986994944263,False,-0.03518401117341068
Frontal ROI,69.0,-0.16675357007906658,0.87125029630455,0.926907883753396,False,-0.026371581347711594
Frontal ROI,70.0,-0.09606600401487855,0.925573252726854,0.9626511129992946,False,-0.015489552403721286
Frontal ROI,71.0,-0.02767294911744023,0.9785269045591451,0.991253410543296,False,-0.004636383452120962
Frontal ROI,72.0,0.03082350194905271,0.976083018409044,0.990208677141447,False,0.005414615028545599
Frontal ROI,73.0,0.08334535042427636,0.9354012789719757,0.9674101062665196,False,0.015308752957039328
Frontal ROI,74.0,0.1407565511468699,0.8911622930197705,0.9379951462565452,False,0.026593063531707473
Frontal ROI,75.0,0.21661171352000014,0.8333412704558245,0.8973459763280077,False,0.040892788728447746
Frontal ROI,76.0,0.32520337240626496,0.752459731578967,0.8346111896152781,False,0.059099722945386346
Frontal ROI,77.0,0.4807288600696026,0.6421796618615967,0.7373108280879889,False,0.080801817014753
Frontal ROI,78.0,0.6941649556993472,0.5051004802868474,0.6190130011906994,False,0.10410405905432969
Frontal ROI,79.0,0.9630721907536425,0.36067214535052616,0.49672136324306254,False,0.12593125481744277
Frontal ROI,80.0,1.2525815076711182,0.24192583345573393,0.3895998484390007,False,0.14280890975384716
Frontal ROI,81.0,1.4854914390300054,0.17157606800984856,0.35726084841821365,False,0.1519522388571415
Frontal ROI,82.0,1.5807689157000009,0.14838900896287122,0.3462290261124297,False,0.1523056509007059
Frontal ROI,83.0,1.5245262900568,0.16171476051363567,0.35373680087939186,False,0.14508534079097166
Frontal ROI,84.0,1.3815941664555251,0.20042516326189394,0.35744611444733065,False,0.1334959213874007
Frontal ROI,85.0,1.2360695118032237,0.247720048969439,0.39535796221205116,False,0.12162642861893999
Frontal ROI,86.0,1.1386325376747697,0.2842566173433341,0.4341261192977717,False,0.11292974213814459
Frontal ROI,87.0,1.0917286727009439,0.3033143300077978,0.4495208146627193,False,0.10892631458417364
Frontal ROI,88.0,1.0586295311676641,0.31735285861109774,0.4607761210071285,False,0.10869120692799346
Frontal ROI,89.0,0.9998610622416942,0.34350007038192387,0.48193373098140707,False,0.10932649071910142
Frontal ROI,90.0,0.90931249366516,0.3868882339164861,0.5185633880983876,False,0.10717285874186264
Frontal ROI,91.0,0.7992240625738593,0.4447402608395349,0.5652639334096179,False,0.09920108947501824
Frontal ROI,92.0,0.6732180774728793,0.517720725088852,0.6302950230308713,False,0.08398786573561486
Frontal ROI,93.0,0.520629509398422,0.6151895874975077,0.7128064476624015,False,0.06192754494296691
Frontal ROI,94.0,0.31882666534581133,0.7571330021907243,0.8371454803402172,False,0.03472550343506191
Frontal ROI,95.0,0.045656593048717886,0.9645809682942734,0.9856723888837984,False,0.004546586992234825
Frontal ROI,96.0,-0.27603628694505566,0.7887539191803872,0.8599012400395822,False,-0.026713094305289807
Frontal ROI,97.0,-0.560059732145852,0.5891049878379793,0.6882709941240391,False,-0.057716881400551055
Frontal ROI,98.0,-0.7584064236024227,0.46760233649456673,0.5853379247905202,False,-0.08751222717531545
Frontal ROI,99.0,-0.8965379779784275,0.3933143067020236,0.5243796129318272,False,-0.11511870075691222
Frontal ROI,100.0,-1.0102647768054884,0.3387565700443969,0.47973405171943884,False,-0.1392222020433873
Frontal ROI,101.0,-1.1192327931794108,0.29202108059812626,0.4401238969999241,False,-0.15823778921286205
Frontal ROI,102.0,-1.2284255806297082,0.2504407161051402,0.396295580112197,False,-0.17076597986543834
Frontal ROI,103.0,-1.330689843654263,0.21601862241033848,0.3693391568527983,False,-0.17620749191081503
Frontal ROI,104.0,-1.408479952345902,0.1925846060112597,0.35726084841821365,False,-0.17517943197902713
Frontal ROI,105.0,-1.4425278121676768,0.18303593706799248,0.35726084841821365,False,-0.16946931967898998
Frontal ROI,106.0,-1.428589511927425,0.1868941727855698,0.35726084841821365,False,-0.16150355114907305
Frontal ROI,107.0,-1.383983888959973,0.19971735090739287,0.35726084841821365,False,-0.15354346662512997
Frontal ROI,108.0,-1.3332681889179117,0.21520478849085384,0.3688473269733216,False,-0.14694435546406542
Frontal ROI,109.0,-1.2919644821595788,0.22855706520095126,0.3752189758919598,False,-0.14178650217099928
Frontal ROI,110.0,-1.261872446592921,0.23871499395024845,0.3864646899748826,False,-0.13704394854559127
Frontal ROI,111.0,-1.2327808557947286,0.24888757844933437,0.39535796221205116,False,-0.13124653391127536
Frontal ROI,112.0,-1.18642140427787,0.26582969654991506,0.4141035939588677,False,-0.12337200924168816
Frontal ROI,113.0,-1.1069908623752693,0.2970061698548095,0.4429815426983435,False,-0.11357122718260779
Frontal ROI,114.0,-0.9993217624376368,0.34374731168431316,0.48193373098140707,False,-0.10336509485808314
Frontal ROI,115.0,-0.8947499735945711,0.3942197660700042,0.5243796129318272,False,-0.09517580320131883
Frontal ROI,116.0,-0.8297139132208932,0.42815872194392757,0.5507142460232903,False,-0.09136824024703594
Frontal ROI,117.0,-0.8225674848608945,0.43200696782925163,0.5536323298872128,False,-0.09321152740058469
Frontal ROI,118.0,-0.8683196427138489,0.4077767865968457,0.533305088441024,False,-0.10020108356797944
Frontal ROI,119.0,-0.9420362765241739,0.37077132055407247,0.5037028986596992,False,-0.11000605957286747
Frontal ROI,120.0,-1.0047119583756787,0.34128217285259327,0.481365801146213,False,-0.11902829877766793
Frontal ROI,121.0,-1.0158589965980245,0.33622639402454085,0.477114781804055,False,-0.12332352843614673
Frontal ROI,122.0,-0.9507521157827551,0.36656213168333407,0.49905458095583144,False,-0.1195555190993296
Frontal ROI,123.0,-0.8080732694141135,0.4398838590226556,0.5606519730452392,False,-0.10574521045448804
Frontal ROI,124.0,-0.6022668737738026,0.5618611460396166,0.6687006169333977,False,-0.08172653404272734
Frontal ROI,125.0,-0.3531830815279413,0.7320823872165128,0.8158819609519483,False,-0.04929394147868149
Frontal ROI,126.0,-0.08407814200358074,0.9348347904163156,0.9674101062665196,False,-0.01199598712504717
Frontal ROI,127.0,0.174544107713371,0.8653011831473965,0.923251338487557,False,0.025507006994759895
Frontal ROI,128.0,0.3864232259829137,0.7081603290362019,0.7968224569091131,False,0.058519074130880644
Frontal ROI,129.0,0.5236642349471702,0.6131608947857357,0.7116320980874185,False,0.0836210980274689
Frontal ROI,130.0,0.5832386618786368,0.5740548193553614,0.6762748107383608,False,0.09982260819058442
Frontal ROI,131.0,0.588803801807365,0.5704733640858843,0.6759342747782647,False,0.10910463846748156
Frontal ROI,132.0,0.5778877414430037,0.5775101710119286,0.6772503514977792,False,0.1160671137362638
Frontal ROI,133.0,0.5870126965375577,0.5716246682707875,0.6759342747782647,False,0.12672246806886261
Frontal ROI,134.0,0.6432954943604341,0.5360770621515604,0.6445797951427852,False,0.14680860567776785
Frontal ROI,135.0,0.7628580798747511,0.4650722613574848,0.5832122633481159,False,0.18017251838897574
Frontal ROI,136.0,0.9513566382477199,0.3662714872338937,0.49905458095583144,False,0.22772983939354977
Frontal ROI,137.0,1.202123895419516,0.25998938207597605,0.40681374293584643,False,0.28728670075527574
Frontal ROI,138.0,1.492152217035742,0.1698568340922064,0.35726084841821365,False,0.354229187964709
Frontal ROI,139.0,1.7831134437306522,0.10824262831084452,0.2800070130738656,False,0.4228340793654969
Frontal ROI,140.0,2.0353655256322654,0.07230477478585214,0.2496829907629672,False,0.4877943752028062
Frontal ROI,141.0,2.227912384398014,0.05287669712830039,0.22371671498349943,False,0.5455270418330785
Frontal ROI,142.0,2.3653116276894433,0.04223219168999165,0.22371671498349943,False,0.5949306831664026
Frontal ROI,143.0,2.468103024325685,0.03568114630598903,0.2063615714352409,False,0.6374465457779241
Frontal ROI,144.0,2.5605296390718224,0.030660474218347975,0.19718341676203607,False,0.6764753292529362
Frontal ROI,145.0,2.6640295437739825,0.025874366021138233,0.17609641340599905,False,0.7163600246765581
Frontal ROI,146.0,2.7942598568907897,0.020907798934560823,0.1510965675580117,False,0.7612260158865267
Frontal ROI,147.0,2.9570524521356574,0.016036118006952628,0.12353097497663508,False,0.8139653600395951
Frontal ROI,148.0,3.1427851405850835,0.011874657301599771,0.0967922647490865,False,0.8755819892131175
Frontal ROI,149.0,3.32524114190968,0.008866002802197761,0.08111852976213028,False,0.9450111084526138
Frontal ROI,150.0,3.473466450992649,0.00701035732593174,0.07226853655114926,False,1.0194156198269408
Frontal ROI,151.0,3.5722454184163865,0.006003116321122427,0.07006837754569716,False,1.094853040069919
Frontal ROI,152.0,3.6299754397524704,0.005485831391177675,0.07006837754569716,False,1.1671133766276427
Frontal ROI,153.0,3.665782667660722,0.005188705734002663,0.07006837754569716,False,1.2324935093218619
Frontal ROI,154.0,3.6927748184467144,0.004975941926886979,0.07006837754569716,False,1.288323740744686
Frontal ROI,155.0,3.7116185727907265,0.004832864745850268,0.07006837754569716,False,1.33318885820822
Frontal ROI,156.0,3.7142884123189552,0.004812946268507202,0.07006837754569716,False,1.3669286394785272
Frontal ROI,157.0,3.6928924341986336,0.004975035187377603,0.07006837754569716,False,1.390564270596292
Frontal ROI,158.0,3.64804819330154,0.00533369080768343,0.07006837754569716,False,1.4062301744546264
Frontal ROI,159.0,3.5915662492346567,0.005824515161351645,0.07006837754569716,False,1.4170467944932703
Frontal ROI,160.0,3.541906301959714,0.0062952578721307785,0.07006837754569716,False,1.4267758767798344
Frontal ROI,161.0,3.516004586912592,0.0065564632794856935,0.07006837754569716,False,1.4391675429773638
Frontal ROI,162.0,3.522166442479199,0.006493311468485869,0.07006837754569716,False,1.4571049804471747
Frontal ROI,163.0,3.5562800273979676,0.006155034562439745,0.07006837754569716,False,1.4818367573583218
Frontal ROI,164.0,3.6020675047443236,0.005729790110714484,0.07006837754569716,False,1.5126312988425314
Frontal ROI,165.0,3.6361191231979917,0.005433606947913309,0.07006837754569716,False,1.5470609651898948
Frontal ROI,166.0,3.6370962858687377,0.0054253488570957815,0.07006837754569716,False,1.581889459336098
Frontal ROI,167.0,3.5950643013504577,0.005792780154970104,0.07006837754569716,False,1.6142846295398485
Frontal ROI,168.0,3.5156348460364946,0.00656027309639488,0.07006837754569716,False,1.6429129263175724
Frontal ROI,169.0,3.4169636068644307,0.007664667960486491,0.0749761519328492,False,1.6684840327801915
Frontal ROI,170.0,3.3221108784311317,0.008910309260604895,0.08111852976213028,False,1.6935248822885682
Frontal ROI,171.0,3.251077934508719,0.009980142660032663,0.0863713580825049,False,1.7214757191524757
Frontal ROI,172.0,3.2157360486087976,0.010561333857755002,0.08813684564626495,False,1.7554699374279856
Frontal ROI,173.0,3.218498531211235,0.010514665128321976,0.08813684564626495,False,1.7972729473265214
Frontal ROI,174.0,3.2538849188310444,0.009935428854953137,0.0863713580825049,False,1.8467672471570302
Frontal ROI,175.0,3.3116441509508103,0.00906013892940579,0.08142509473735204,False,1.9021280628727228
Frontal ROI,176.0,3.3800788713223455,0.008125959343269368,0.07803147259769626,False,1.9605433413129507
Frontal ROI,177.0,3.4485214416033974,0.007291714779370136,0.07302131514769236,False,2.019142697532593
Frontal ROI,178.0,3.5088265152826636,0.006630842312096824,0.07006837754569716,False,2.0757984510497667
Frontal ROI,179.0,3.5564607788182006,0.0061532922373483635,0.07006837754569716,False,2.129602623672961
Frontal ROI,180.0,3.5913476450957558,0.0058265044309154385,0.07006837754569716,False,2.1809896130342126
Frontal ROI,181.0,3.617821291175051,0.005590708144914581,0.07006837754569716,False,2.231567321639166
Frontal ROI,182.0,3.643224127843109,0.005373861818864588,0.07006837754569716,False,2.283718850416779
Frontal ROI,183.0,3.675593259954554,0.005110287635881251,0.07006837754569716,False,2.33999993535058
Frontal ROI,184.0,3.721278641898693,0.004761203834735383,0.07006837754569716,False,2.402362358240981
Frontal ROI,185.0,3.783039279782976,0.004328732115562578,0.07006837754569716,False,2.471322639222813
Frontal ROI,186.0,3.8589183768766557,0.003853429555942422,0.07006837754569716,False,2.545330250991996
Frontal ROI,187.0,3.9422661149246085,0.0033942755851629563,0.07006837754569716,False,2.620670135789958
Frontal ROI,188.0,4.023200814446038,0.003003551124378663,0.07006837754569716,False,2.6921418058000954
Frontal ROI,189.0,4.091297090574136,0.002711768664660898,0.07006837754569716,False,2.7544736346264616
Frontal ROI,190.0,4.138669730179186,0.0025266386858880437,0.07006837754569716,False,2.8040606172329
Frontal ROI,191.0,4.1624308298973745,0.002438886487400145,0.07006837754569716,False,2.8403620641862077
Frontal ROI,192.0,4.165705718212957,0.0024270485611682397,0.07006837754569716,False,2.8663375808624636
Frontal ROI,193.0,4.156615491918212,0.002460059192252272,0.07006837754569716,False,2.8876633890845507
Frontal ROI,194.0,4.145083150462667,0.002502627162471841,0.07006837754569716,False,2.910990235254364
Frontal ROI,195.0,4.138466374338352,0.002527404036274799,0.07006837754569716,False,2.941910267833726
Frontal ROI,196.0,4.1381900485474645,0.0025284444116619536,0.07006837754569716,False,2.983385463402981
Frontal ROI,197.0,4.139449986421615,0.0025237043986730133,0.07006837754569716,False,3.0351478393846936
Frontal ROI,198.0,4.134410702862646,0.00254271957358965,0.07006837754569716,False,3.0941650654222452
Frontal ROI,199.0,4.117110827950508,0.0026091665744400008,0.07006837754569716,False,3.1558887862252614
Frontal ROI,200.0,4.087089150408176,0.002728896491094291,0.07006837754569716,False,3.2158004568058667
Frontal ROI,201.0,4.049712558701291,0.0028861735149797656,0.07006837754569716,False,3.2707564564879967
Frontal ROI,202.0,4.013581696125593,0.0030473821594736586,0.07006837754569716,False,3.319749579307243
Frontal ROI,203.0,3.9869776207633336,0.0031721783598081432,0.07006837754569716,False,3.3638854223916432
Frontal ROI,204.0,3.975089832357294,0.0032296838153901813,0.07006837754569716,False,3.4056060138349062
Frontal ROI,205.0,3.9787137204569496,0.0032120375857142233,0.07006837754569716,False,3.447462699783901
Frontal ROI,206.0,3.9943862984694025,0.0031368898269650753,0.07006837754569716,False,3.490952973572641
Frontal ROI,207.0,4.015691925289977,0.0030377087926160107,0.07006837754569716,False,3.53594577979963
Frontal ROI,208.0,4.035325130639797,0.002949255533170249,0.07006837754569716,False,3.5809616587096436
Frontal ROI,209.0,4.047263741878706,0.0028968084417706646,0.07006837754569716,False,3.6241477294802196
Frontal ROI,210.0,4.048273597986769,0.0028924177221631036,0.07006837754569716,False,3.664433588263944
Frontal ROI,211.0,4.038219475422978,0.0029364486031022816,0.07006837754569716,False,3.7022645131033918
Frontal ROI,212.0,4.019253821907158,0.003021454754635866,0.07006837754569716,False,3.7395410265043183
Frontal ROI,213.0,3.9944762227845527,0.0031364640709947837,0.07006837754569716,False,3.7788206525192876
Frontal ROI,214.0,3.966718265184545,0.0032708425380970456,0.07006837754569716,False,3.8222293647215166
Frontal ROI,215.0,3.937815870746451,0.0034172660855531266,0.07006837754569716,False,3.8706669263415376
Frontal ROI,216.0,3.908423924081039,0.0035733101951739253,0.07006837754569716,False,3.9237012069672743
Frontal ROI,217.0,3.878264280148442,0.0037412940800206906,0.07006837754569716,False,3.98015011333018
Frontal ROI,218.0,3.8465962734392636,0.003926700847996746,0.07006837754569716,False,4.038974680090975
Frontal ROI,219.0,3.812649625508336,0.004136276851213799,0.07006837754569716,False,4.099950040302541
Frontal ROI,220.0,3.775845554652301,0.004376900772148398,0.07006837754569716,False,4.163714253839514
Frontal ROI,221.0,3.7358325246750894,0.004655345840129403,0.07006837754569716,False,4.231147484356778
Frontal ROI,222.0,3.6925275194808065,0.004977849005607265,0.07006837754569716,False,4.302413366259072
Frontal ROI,223.0,3.646298754401649,0.005348222140499651,0.07006837754569716,False,4.376199347190219
Frontal ROI,224.0,3.5981676083465874,0.005764778326713432,0.07006837754569716,False,4.449611181774943
Frontal ROI,225.0,3.549712573830522,0.006218692736288985,0.07006837754569716,False,4.518863017085872
Frontal ROI,226.0,3.5025144975364713,0.00669697759709231,0.07006837754569716,False,4.580518637711371
Frontal ROI,227.0,3.457401248138007,0.007190228562122683,0.07302131514769236,False,4.632760186125979
Frontal ROI,228.0,3.4139893015020517,0.00770083158226126,0.0749761519328492,False,4.676117143171844
Frontal ROI,229.0,3.3708463196999565,0.008245896620489083,0.07811315582382225,False,4.71331525263848
Frontal ROI,230.0,3.3261962965825727,0.008852529048380912,0.08111852976213028,False,4.748301125963306
Frontal ROI,231.0,3.2787710897573126,0.009547990511358238,0.08472330820838132,False,4.784866166526579
Frontal ROI,232.0,3.2283761266146835,0.010349537752377687,0.08813684564626495,False,4.82544524247878
Frontal ROI,233.0,3.175945498601518,0.011257884287989833,0.09284443395153968,False,4.870546038343383
Frontal ROI,234.0,3.1231498164383704,0.012256244509153358,0.09875433794156901,False,4.918958661987742
Frontal ROI,235.0,3.071803647286305,0.013315127967314908,0.1060670989214517,False,4.968549456171505
Frontal ROI,236.0,3.023337812238367,0.014401237180364655,0.11342996925208565,False,5.017218282083902
Frontal ROI,237.0,2.978508458132218,0.01548702790365289,0.12062673956067418,False,5.063589487984545
Frontal ROI,238.0,2.9373912544167466,0.016556809209200732,0.1261556875614099,False,5.10719505682291
Frontal ROI,239.0,2.8996026100245462,0.01760676236557853,0.13271333783086614,False,5.148177381470006
Frontal ROI,240.0,2.864618934162533,0.018639489550806895,0.13900300186293227,False,5.1867502908991785
Frontal ROI,241.0,2.8320440801427194,0.019656718347079816,0.14504589011897845,False,5.222740585820605
Frontal ROI,242.0,2.8017182535246414,0.02065457590637617,0.15082143448301766,False,5.255469985645444
Frontal ROI,243.0,2.773644081161442,0.02162428787885094,0.15467985513341337,False,5.284051290785387
Frontal ROI,244.0,2.7477829516557235,0.02255848264809931,0.15973228622543048,False,5.307939043272585
Frontal ROI,245.0,2.723822597150206,0.023460552837458716,0.16445847539058558,False,5.327423676505893
Frontal ROI,246.0,2.7010387893267387,0.024352233662247293,0.16901896828945892,False,5.343780260680567
Frontal ROI,247.0,2.6783618798938305,0.025273805421637777,0.1736954666722361,False,5.3589584501395064
Frontal ROI,248.0,2.654694945333465,0.026273239829603983,0.177091741543773,False,5.374911657727535
Frontal ROI,249.0,2.6294111752398077,0.02738507810145418,0.18282799761066076,False,5.3928109268459625
Frontal ROI,250.0,2.6028220525250703,0.028605522210439025,0.18917425537280902,False,5.412441344303316
Frontal ROI,251.0,2.57634836043874,0.029875043198914698,0.195723413854572,False,5.432034367696202
Frontal ROI,252.0,2.5522208088916667,0.03108129056599221,0.19801452239586248,False,5.44866508122656
Frontal ROI,253.0,2.532769719770688,0.03208921092449081,0.19951481966268764,False,5.459147018786194
Frontal ROI,254.0,2.519578050316909,0.032791345086206146,0.19951481966268764,False,5.461135052543276
Frontal ROI,255.0,2.5128220489576165,0.0331568688145903,0.19951481966268764,False,5.453990087018605
Frontal ROI,256.0,2.511026691759312,0.03325468751122357,0.19951481966268764,False,5.438969936972619
Frontal ROI,257.0,2.5113269115893995,0.03323831018846607,0.19951481966268764,False,5.418547128595128
Frontal ROI,258.0,2.510198544285694,0.03329990570689651,0.19951481966268764,False,5.395053726600047
Frontal ROI,259.0,2.504471316181761,0.033614308643757834,0.19969178270571392,False,5.36923088685071
Frontal ROI,260.0,2.492285176127465,0.03429318665437257,0.20201280541777455,False,5.339398440249624
Frontal ROI,261.0,2.4736197044333696,0.035359657031429535,0.2063615714352409,False,5.301743847585358
Frontal ROI,262.0,2.4501900015225773,0.03674526338627987,0.20941812710392024,False,5.251744596395675
Frontal ROI,263.0,2.4247864844137608,0.03830872645346616,0.21483533795103824,False,5.186211966818527
Frontal ROI,264.0,2.400362809549374,0.0398741602520188,0.2218395741005173,False,5.105123602257201
Frontal ROI,265.0,2.379212537022837,0.04128093931863291,0.22371671498349943,False,5.0124470978422915
Frontal ROI,266.0,2.362455825070706,0.04243028559647711,0.22371671498349943,False,4.915521163511447
Frontal ROI,267.0,2.34991354524157,0.043311217117105706,0.22371671498349943,False,4.823114911204973
Frontal ROI,268.0,2.340356853059514,0.043994555833745404,0.22371671498349943,False,4.74280186241844
Frontal ROI,269.0,2.3320552739346394,0.04459677865169169,0.22371671498349943,False,4.678571721725623
Frontal ROI,270.0,2.3234586594466915,0.04522897326734391,0.22371671498349943,False,4.629532197112189
Frontal ROI,271.0,2.3137566361497584,0.04595307287675045,0.22371671498349943,False,4.590143311469672
Frontal ROI,272.0,2.3030682232175015,0.04676401024577113,0.22371671498349943,False,4.5518512978583505
Frontal ROI,273.0,2.2921888740052956,0.04760389113888549,0.22371671498349943,False,4.505503966182367
Frontal ROI,274.0,2.2820562890622806,0.048399448832590175,0.22371671498349943,False,4.4437375025382595
Frontal ROI,275.0,2.273204400554244,0.04910512911904138,0.22371671498349943,False,4.362650477916607
Frontal ROI,276.0,2.2654042462678996,0.049735326408191206,0.22371671498349943,False,4.262406968906759
Frontal ROI,277.0,2.2575645070854136,0.0503767118386546,0.22371671498349943,False,4.146774800958421
Frontal ROI,278.0,2.2478908173424257,0.05117931547934918,0.22371671498349943,False,4.021879128421508
Frontal ROI,279.0,2.234279209314218,0.05232987554409361,0.22371671498349943,False,3.894590691316908
Frontal ROI,280.0,2.2148770219768417,0.05401372721580335,0.22371671498349943,False,3.7709670991546247
Frontal ROI,281.0,2.1886634351140017,0.05637293315381189,0.2271116444874835,False,3.6550716195894943
Frontal ROI,282.0,2.1558499049691906,0.059467829221423914,0.23096122118237838,False,3.548346490283875
Frontal ROI,283.0,2.1179372338845033,0.0632491771801602,0.2332369234056449,False,3.449582173652517
Frontal ROI,284.0,2.0773863184456056,0.0675507307238721,0.2428362166022274,False,3.355432665614623
Frontal ROI,285.0,2.03700012835419,0.0721139868846221,0.2496829907629672,False,3.261377676322212
Frontal ROI,286.0,1.9992151528872177,0.07664975056588691,0.2569214864659644,False,3.1629800912758883
Frontal ROI,287.0,1.965517864689519,0.08092336354751858,0.2617571141600156,False,3.057184157771983
Frontal ROI,288.0,1.936129439988672,0.08483449271202746,0.2617571141600156,False,2.9432918216502815
Frontal ROI,289.0,1.909999043606294,0.0884617376945693,0.2617571141600156,False,2.8232497582132092
Frontal ROI,290.0,1.885082409452531,0.0920563972588921,0.2617571141600156,False,2.701057443729903
Frontal ROI,291.0,1.8588464054163543,0.09598959877046387,0.2622427795637913,False,2.5814237142769207
Frontal ROI,292.0,1.8288810957591872,0.10067431021634943,0.26896998943435435,False,2.468108843680978
Frontal ROI,293.0,1.7934239938476886,0.10649289311555299,0.2795937006516953,False,2.3625504777059385
Frontal ROI,294.0,1.7516112000430144,0.11375493361267822,0.2899716671363179,False,2.263291540839554
Frontal ROI,295.0,1.7034064995462368,0.12269233999000964,0.30607590865835144,False,2.166432825062251
Frontal ROI,296.0,1.6493032074243066,0.1334852932098429,0.321785561735446,False,2.066949681327315
Frontal ROI,297.0,1.589945826290982,0.14631026049901646,0.3441727939926528,False,1.9604026722227161
Frontal ROI,298.0,1.525810664035576,0.16139897262908673,0.35373680087939186,False,1.8444517204654018
Frontal ROI,299.0,1.4570749777585643,0.17908313703932452,0.35726084841821365,False,1.7196600256311954
Frontal ROI,300.0,1.383769801408593,0.1997806741511266,0.35726084841821365,False,1.589318329931677
Frontal ROI,301.0,1.3061856023660297,0.22388348095771823,0.3731530998127175,False,1.4583620933742916
Frontal ROI,302.0,1.2252616460352466,0.2515739789588983,0.3971922505634859,False,1.331779431217115
Frontal ROI,303.0,1.1425180822865861,0.2827213394942578,0.43367102622642173,False,1.2130695715001778
Frontal ROI,304.0,1.0593058854757698,0.3170610608493872,0.4607761210071285,False,1.1032262557720103
Frontal ROI,305.0,0.9757366817457257,0.3546904365504998,0.49132576594782185,False,1.0004795836382587
Frontal ROI,306.0,0.8900039861186783,0.3966303452821368,0.5255914405345518,False,0.9007826833794143
Frontal ROI,307.0,0.7985437242657419,0.4451151087619245,0.5652639334096179,False,0.7988870988125967
Frontal ROI,308.0,0.6970060865348442,0.5034034734126158,0.6180137212999014,False,0.6897719006193075
Frontal ROI,309.0,0.5818068268390972,0.5749782984309031,0.6762748107383608,False,0.5701224972961751
Frontal ROI,310.0,0.45194238513339624,0.6620055091670147,0.755807592713481,False,0.4394767569479733
Frontal ROI,311.0,0.3104102291422735,0.763317090202701,0.8404801613074735,False,0.3006415880478345
Frontal ROI,312.0,0.16419146886532784,0.8732086926852973,0.927453475109687,False,0.15912382351706258
Frontal ROI,313.0,0.02221933497351933,0.982757821123678,0.9914413159589102,False,0.021641802649021803
Frontal ROI,314.0,-0.10778638488708467,0.9165297920843045,0.958936394404623,False,-0.10583308850378197
Frontal ROI,315.0,-0.2218078662754103,0.8294146485769773,0.8954986994944263,False,-0.21982335251766755
Frontal ROI,316.0,-0.32023200808273167,0.7561021704402228,0.8371454803402172,False,-0.3202583837617764
Frontal ROI,317.0,-0.40697766471203994,0.6935332290194133,0.7828772842876147,False,-0.4102710062823622
Frontal ROI,318.0,-0.4878448557348714,0.6373237202192793,0.7341080585684526,False,-0.49503467754258806
Frontal ROI,319.0,-0.5687685724566457,0.5834252538910714,0.682773126840803,False,-0.5801354860106052
Frontal ROI,320.0,-0.6543921818629904,0.5292250051588494,0.6386481902454574,False,-0.6700637616831397
Frontal ROI,321.0,-0.7471460523348129,0.47404196659651554,0.5895319621346842,False,-0.7672497426120831
Frontal ROI,322.0,-0.8468258567448733,0.41903966869066445,0.5419682799855273,False,-0.8717852464168514
Frontal ROI,323.0,-0.9505947541278877,0.3666378162514311,0.49905458095583144,False,-0.9817265795297212
Frontal ROI,324.0,-1.05346117986592,0.3195894483337377,0.46192206862257756,False,-1.0937614954067783
Frontal ROI,325.0,-1.1494226891669506,0.2800094286570368,0.4332342314251101,False,-1.204035665853419
Frontal ROI,326.0,-1.233236503673333,0.24872554677261322,0.39535796221205116,False,-1.3090001295582332
Frontal ROI,327.0,-1.3021682995959811,0.22519553337735,0.3731963803723932,False,-1.4061814132554358
Frontal ROI,328.0,-1.356798522249887,0.20789676163282647,0.3643390747615284,False,-1.4947691420507156
Frontal ROI,329.0,-1.4005468658195153,0.1948701918360927,0.35726084841821365,False,-1.5758833027599706
Frontal ROI,330.0,-1.4383990413321126,0.18417154537212033,0.35726084841821365,False,-1.6524006638043722
Frontal ROI,331.0,-1.4755153768553746,0.1741795670937771,0.35726084841821365,False,-1.7283118362008794
Frontal ROI,332.0,-1.5160862948494616,0.16380352077619886,0.35549928193224584,False,-1.8077399832248253
Frontal ROI,333.0,-1.5625254674490086,0.15260012607578247,0.3514428187244807,False,-1.8938757516077047
Frontal ROI,334.0,-1.6150414264247097,0.14075839955980401,0.3344801291234665,False,-1.98810954555141
Frontal ROI,335.0,-1.6716559477520168,0.12892555475115774,0.31600284573622933,False,-2.0895741737303952
Frontal ROI,336.0,-1.728722765820818,0.11792118581656628,0.29628226257137263,False,-2.195217457689398
Frontal ROI,337.0,-1.7819043086055975,0.1084495597318417,0.2800070130738656,False,-2.300428049671975
Frontal ROI,338.0,-1.82739752879518,0.1009117078762271,0.26896998943435435,False,-2.4001302252757872
Frontal ROI,339.0,-1.8630354805312752,0.09535118613046414,0.2622427795637913,False,-2.4901200636978857
Frontal ROI,340.0,-1.888870326232057,0.09150119843054004,0.2617571141600156,False,-2.5682813872632706
Frontal ROI,341.0,-1.9070385396299347,0.08888181005640346,0.2617571141600156,False,-2.635291098938187
Frontal ROI,342.0,-1.9210112008011375,0.0869155901055997,0.2617571141600156,False,-2.694559817291035
Frontal ROI,343.0,-1.9345525210421173,0.08504934045573569,0.2617571141600156,False,-2.7514161826749204
Frontal ROI,344.0,-1.9507481728533762,0.08286708641383073,0.2617571141600156,False,-2.811801493984308
Frontal ROI,345.0,-1.9713645640942346,0.08016595619984981,0.2613783037027661,False,-2.8808623481231024
Frontal ROI,346.0,-1.9966569688000346,0.07696649380578106,0.2569214864659644,False,-2.9617912204843995
Frontal ROI,347.0,-2.0256221703924284,0.07345207093408283,0.25117025231605883,False,-3.0551286992955253
Frontal ROI,348.0,-2.0565793629249813,0.06986593071688821,0.24734830217295375,False,-3.1586200384773813
Frontal ROI,349.0,-2.0878531984506115,0.0664141652039525,0.24091600604168764,False,-3.267640421094886
Frontal ROI,350.0,-2.1182751494721983,0.06321446790048131,0.2332369234056449,False,-3.376145067192089
Frontal ROI,351.0,-2.147306315665357,0.060300341760460015,0.23096122118237838,False,-3.4780103516714442
Frontal ROI,352.0,-2.174790661140953,0.05766178513684957,0.22881861317352922,False,-3.5684952537170815
Frontal ROI,353.0,-2.2005273044252847,0.05529300508232177,0.22535114280643928,False,-3.645430893967265
Frontal ROI,354.0,-2.2238980539448967,0.05322433875320082,0.22371671498349943,False,-3.709734317366382
Frontal ROI,355.0,-2.24373229821201,0.05152817435120604,0.22371671498349943,False,-3.7650242719449216
Frontal ROI,356.0,-2.258504430368275,0.05029938906743733,0.22371671498349943,False,-3.816426863912112
Frontal ROI,357.0,-2.266831177860078,0.0496194505279665,0.22371671498349943,False,-3.8689617199881687
Frontal ROI,358.0,-2.2680731199577453,0.0495188125156631,0.22371671498349943,False,-3.9260329263052705
Frontal ROI,359.0,-2.2627417142030515,0.049952250813258124,0.22371671498349943,False,-3.988485445449913
Frontal ROI,360.0,-2.2524994155322164,0.05079540069808821,0.22371671498349943,False,-4.054472677485232
Frontal ROI,361.0,-2.2397702865568627,0.051862712703358266,0.22371671498349943,False,-4.120112458722565
Frontal ROI,362.0,-2.2271597136907895,0.05294170907083835,0.22371671498349943,False,-4.180679333061368
Frontal ROI,363.0,-2.216906679206214,0.053835130700458624,0.22371671498349943,False,-4.231959332368854
Frontal ROI,364.0,-2.210508800012589,0.05440006596016403,0.22371671498349943,False,-4.271391102625998
Frontal ROI,365.0,-2.208565121977252,0.05457283632265108,0.22371671498349943,False,-4.298720944626008
Frontal ROI,366.0,-2.2108206735559714,0.05437239376133443,0.22371671498349943,False,-4.316052732017908
Frontal ROI,367.0,-2.2163692934001062,0.053882360933168366,0.22371671498349943,False,-4.327337492866213
Frontal ROI,368.0,-2.223957740091393,0.05321915360577135,0.22371671498349943,False,-4.3374772457978015
Frontal ROI,369.0,-2.2323124059139694,0.05249820373477765,0.22371671498349943,False,-4.351282230471243
Frontal ROI,370.0,-2.2403828466954354,0.0518108517332149,0.22371671498349943,False,-4.372511658948822
Frontal ROI,371.0,-2.2474020702787305,0.05122019633841371,0.22371671498349943,False,-4.403185412224926
Frontal ROI,372.0,-2.25274715183583,0.05077484334581036,0.22371671498349943,False,-4.443304331538634
Frontal ROI,373.0,-2.2557176283735494,0.05052898473173789,0.22371671498349943,False,-4.491046651808886
Frontal ROI,374.0,-2.255428170061319,0.050552891061574665,0.22371671498349943,False,-4.543391293983406
Frontal ROI,375.0,-2.2509516444972166,0.05092402064655161,0.22371671498349943,False,-4.59697135234441
Frontal ROI,376.0,-2.241689846848762,0.05170036720476158,0.22371671498349943,False,-4.64885959672745
Frontal ROI,377.0,-2.2277967498499613,0.05288667998897738,0.22371671498349943,False,-4.697021123565564
Frontal ROI,378.0,-2.210414932617405,0.05440839740167961,0.22371671498349943,False,-4.740346742709092
Frontal ROI,379.0,-2.191548976276348,0.05610839636712547,0.2271116444874835,False,-4.778395162889298
Frontal ROI,380.0,-2.173577112433119,0.05777588378275987,0.22881861317352922,False,-4.811087180222454
Frontal ROI,381.0,-2.158597126739783,0.05920250959505012,0.23096122118237838,False,-4.83855268317829
Frontal ROI,382.0,-2.147881744462578,0.060243917002926375,0.23096122118237838,False,-4.86117605746828
Frontal ROI,383.0,-2.141631688812077,0.060859529244230756,0.23096122118237838,False,-4.8797450334141
Frontal ROI,384.0,-2.1390534364961464,0.06111525218066891,0.23096122118237838,False,-4.895545136932206
Frontal ROI,385.0,-2.1386635954049513,0.06115400892060992,0.23096122118237838,False,-4.910274019704124
Frontal ROI,386.0,-2.1386780000841945,0.06115257643040433,0.23096122118237838,False,-4.925740055797717
Frontal ROI,387.0,-2.1373763691601813,0.06128214998562393,0.23096122118237838,False,-4.9434209464173495
Frontal ROI,388.0,-2.133399333558251,0.0616797020609066,0.23121642323366592,False,-4.964047794313326
Frontal ROI,389.0,-2.1259708634005574,0.06242896462189256,0.23278034148907809,False,-4.987402246592343
Frontal ROI,390.0,-2.115020144572244,0.06354957542150952,0.2332369234056449,False,-5.0124228906213455
Frontal ROI,391.0,-2.1011526406576415,0.06499658776853506,0.23730525013407855,False,-5.037551638811907
Frontal ROI,392.0,-2.0854553371140567,0.06667290324120885,0.24091600604168764,False,-5.061111560576021
Frontal ROI,393.0,-2.069192239859153,0.06845354447318217,0.24358342474974973,False,-5.081502051403577
Frontal ROI,394.0,-2.0534798217973576,0.07021727836293552,0.24734830217295375,False,-5.097157460087715
Frontal ROI,395.0,-2.039016694367777,0.07187928159392848,0.2496829907629672,False,-5.106438014118879
Frontal ROI,396.0,-2.0259254090446923,0.07341610276406113,0.25117025231605883,False,-5.107736376580745
Frontal ROI,397.0,-2.013758922922869,0.0748725167895584,0.25478463237611865,False,-5.099964682215049
Frontal ROI,398.0,-2.001695893494178,0.07634378412370502,0.2569214864659644,False,-5.083287631662139
Frontal ROI,399.0,-1.9888826284165573,0.07793675763325936,0.2586989325092765,False,-5.0596934603477095
Frontal ROI,400.0,-1.9748068996362227,0.07972317851109309,0.2611492903564311,False,-5.032961777523531
Frontal ROI,401.0,-1.959554330767007,0.08170290844407163,0.2617571141600156,False,-5.007860418590559
Frontal ROI,402.0,-1.943831916120184,0.08379243285769945,0.2617571141600156,False,-4.988813082402545
Frontal ROI,403.0,-1.9287439098142112,0.08584518656405031,0.2617571141600156,False,-4.978580553507784
Frontal ROI,404.0,-1.9154262302635585,0.08769652332238848,0.2617571141600156,False,-4.977500182461892
Frontal ROI,405.0,-1.9047074522129221,0.0892138964019254,0.2617571141600156,False,-4.983542803733907
Frontal ROI,406.0,-1.8969263182952594,0.09033088392333354,0.2617571141600156,False,-4.993050476706743
Frontal ROI,407.0,-1.8919355356879555,0.09105423539409581,0.2617571141600156,False,-5.0017305015474935
Frontal ROI,408.0,-1.8892295039316747,0.09144871722446393,0.2617571141600156,False,-5.005460236806548
Frontal ROI,409.0,-1.8881004568256483,0.0916137832891168,0.2617571141600156,False,-5.000679668013327
Frontal ROI,410.0,-1.8877521106496482,0.09166476786848479,0.2617571141600156,False,-4.9844821154736305
Frontal ROI,411.0,-1.8873616749464943,0.09172194447355386,0.2617571141600156,False,-4.954731991083224
Frontal ROI,412.0,-1.8861354159706698,0.09190173984294955,0.2617571141600156,False,-4.910500917566141
Frontal ROI,413.0,-1.883413929378591,0.09230195190276308,0.2617571141600156,False,-4.852801851301661
Frontal ROI,414.0,-1.8788423697090455,0.09297791929506975,0.2617571141600156,False,-4.785225563851922
Frontal ROI,415.0,-1.8725611102956017,0.09391427768010571,0.2622427795637913,False,-4.7139300443858065
Frontal ROI,416.0,-1.865332515946111,0.0950028113055535,0.2622427795637913,False,-4.646661442750101
Frontal ROI,417.0,-1.858516370609692,0.09604006575358819,0.2622427795637913,False,-4.590974822215936
Frontal ROI,418.0,-1.8538389186773734,0.09675799212912418,0.2622427795637913,False,-4.552260889903936
Frontal ROI,419.0,-1.8529732405127068,0.09689141213555198,0.2622427795637913,False,-4.532309877980666
Frontal ROI,420.0,-1.8570411791916401,0.09626594742130565,0.2622427795637913,False,-4.52890646929377
Frontal ROI,421.0,-1.8662047246454556,0.09487084265871111,0.2622427795637913,False,-4.536519493911079
Frontal ROI,422.0,-1.879490911646949,0.09288174113664134,0.2617571141600156,False,-4.547757861532313
Frontal ROI,423.0,-1.8949085183679892,0.09062268469652317,0.2617571141600156,False,-4.555093156589104
Frontal ROI,424.0,-1.9098291088751602,0.08848579934363543,0.2617571141600156,False,-4.55239394487373
Frontal ROI,425.0,-1.9215464157493851,0.08684109822525886,0.2617571141600156,False,-4.535965425828232
Frontal ROI,426.0,-1.9278890918779756,0.08596289939970701,0.2617571141600156,False,-4.504926184270213
Frontal ROI,427.0,-1.927730992854708,0.08598468717172368,0.2617571141600156,False,-4.460880418231169
Frontal ROI,428.0,-1.9212340054168855,0.08688457254964509,0.2617571141600156,False,-4.407004213802301
Frontal ROI,429.0,-1.9097014363222504,0.08850388100653941,0.2617571141600156,False,-4.34685459686538
Frontal ROI,430.0,-1.8950527820189094,0.09060179281873507,0.2617571141600156,False,-4.283326843671491
Frontal ROI,431.0,-1.8791241680573239,0.09293611737370576,0.2617571141600156,False,-4.218118038338224
Frontal ROI,432.0,-1.8631116882114032,0.09533960907357539,0.2622427795637913,False,-4.151814658078931
Frontal ROI,433.0,-1.8473962123029541,0.09775509185638333,0.2635627668897105,False,-4.084424785536444
Frontal ROI,434.0,-1.8317591121628753,0.10021526074924071,0.26896998943435435,False,-4.015999004914504
Frontal ROI,435.0,-1.8157915677810936,0.10278696761439415,0.2719006199912842,False,-3.9470132791644565
Frontal ROI,436.0,-1.799250068459442,0.10551583210568799,0.27806991844393714,False,-3.878378435271538
Frontal ROI,437.0,-1.782212868528334,0.10839671796694447,0.2800070130738656,False,-3.8111574843670994
Frontal ROI,438.0,-1.7650338859671422,0.1113752355503567,0.28598549494798553,False,-3.7461880365176654
Frontal ROI,439.0,-1.748164278446324,0.11437356109464998,0.29049226930199146,False,-3.6837955074698896
Frontal ROI,440.0,-1.7319238943979118,0.11733017811995089,0.2958577513024661,False,-3.623689152353207
Frontal ROI,441.0,-1.7163063116298074,0.1202395350510004,0.3010282645383974,False,-3.5650399338261245
Frontal ROI,442.0,-1.7009048910909197,0.1231732730013669,0.3061860438792844,False,-3.5066889085686794
Frontal ROI,443.0,-1.6850108673209347,0.12626936120622184,0.3116719091745124,False,-3.447426904077416
Frontal ROI,444.0,-1.667851089002261,0.1296915701543872,0.3167727898196008,False,-3.3862885059714594
Frontal ROI,445.0,-1.6488461989936958,0.1335800263409626,0.321785561735446,False,-3.3227958911250424
Frontal ROI,446.0,-1.62775026868801,0.13801981672628538,0.33021123387415036,False,-3.2570768659096254
Frontal ROI,447.0,-1.6046038313727116,0.14304406696599847,0.33839910130747347,False,-3.1898155295174195
Frontal ROI,448.0,-1.5795543623133068,0.14866610108393916,0.3462290261124297,False,-3.1220641533867193
Frontal ROI,449.0,-1.5526849146273018,0.15491559341778108,0.3514428187244807,False,-3.0550270287009496
Frontal ROI,450.0,-1.5239914185481107,0.1618464300384231,0.35373680087939186,False,-2.989943390257779
Frontal ROI,451.0,-1.4935673242763423,0.16949353122587793,0.35726084841821365,False,-2.9281246671959344
Frontal ROI,452.0,-1.4619240884005031,0.17778214987601074,0.35726084841821365,False,-2.8710401824031773
Frontal ROI,453.0,-1.43024486493266,0.186432299608011,0.35726084841821365,False,-2.820222698573124
Frontal ROI,454.0,-1.4003329500684976,0.19493214439773118,0.35726084841821365,False,-2.7767998919277095
Frontal ROI,455.0,-1.374159227539977,0.20264105887966566,0.35871561180466066,False,-2.7407068380298076
Frontal ROI,456.0,-1.3531721132276193,0.2090091292464379,0.36529736381067973,False,-2.7099456177692436
Frontal ROI,457.0,-1.3376942604215836,0.21381377499787355,0.3673614124350719,False,-2.680387956944158
Frontal ROI,458.0,-1.326661883687499,0.21729521411877858,0.37061787128288026,False,-2.646428223539881
Frontal ROI,459.0,-1.31777207173085,0.220135204190899,0.3718428388863137,False,-2.602393146950737
Frontal ROI,460.0,-1.3079718985986013,0.2233021374579885,0.3731530998127175,False,-2.5442332124777054
Frontal ROI,461.0,-1.2941945223381892,0.22781884502515798,0.37494276738989313,False,-2.4708797493596935
Frontal ROI,462.0,-1.2742254512421598,0.23450063873124477,0.38229057616419204,False,-2.384779846420854
Frontal ROI,463.0,-1.2474826990015395,0.24370301703532077,0.3900361071729677,False,-2.29143667514232
Frontal ROI,464.0,-1.2153778298799667,0.2551412116544021,0.4019190772353616,False,-2.1981130151637767
Frontal ROI,465.0,-1.1809721718552417,0.26788106976483206,0.41637390222870796,False,-2.1120779913019465
Frontal ROI,466.0,-1.1479591783178333,0.2805825122211127,0.4332342314251101,False,-2.03886923315413
Frontal ROI,467.0,-1.1194014781714219,0.2919528526435432,0.4401238969999241,False,-1.9810211931255874
Frontal ROI,468.0,-1.0967871903163084,0.30121205548141256,0.4476228366403822,False,-1.9376024332933308
Frontal ROI,469.0,-1.0797385615214827,0.30834297423440943,0.45409332970235505,False,-1.9046968075477793
Frontal ROI,470.0,-1.066349312597184,0.31403459590517335,0.46054027558478355,False,-1.8767008359379318
Frontal ROI,471.0,-1.0539212417683055,0.3193898683964979,0.46192206862257756,False,-1.8480712481149557
Frontal ROI,472.0,-1.0398544780087096,0.32553551310936396,0.4676237596099675,False,-1.8150179417651877
Frontal ROI,473.0,-1.0224815754900152,0.33324958106846514,0.4743761446006928,False,-1.7766226042091127
Frontal ROI,474.0,-1.0016218780855202,0.34269375456800927,0.48193373098140707,False,-1.734999653467418
Frontal ROI,475.0,-0.9786207437471953,0.35333855638996037,0.49132576594782185,False,-1.6943941757227754
Frontal ROI,476.0,-0.9557675079561931,0.3641559193380811,0.49905458095583144,False,-1.6594781990780134
Frontal ROI,477.0,-0.9352853236482755,0.37405571642721247,0.50522747055005,False,-1.6334260951539612
Frontal ROI,478.0,-0.9183569983343516,0.3823841591235364,0.5135082290145575,False,-1.6164760325766916
Frontal ROI,479.0,-0.9046408931996972,0.3892294702496514,0.5207058371087894,False,-1.6055416475838797
Frontal ROI,480.0,-0.8924320406768059,0.39539578722345226,0.5249478159917426,False,-1.5950509984955734
Frontal ROI,481.0,-0.8792878767167903,0.40211159090661475,0.5307341573465314,False,-1.578705607201828
Frontal ROI,482.0,-0.8628016338579193,0.4106479099774294,0.5360599346260297,False,-1.551477161161398
Frontal ROI,483.0,-0.841272320053866,0.42198440152278516,0.5447717596086048,False,-1.511072475576449
Frontal ROI,484.0,-0.8141330690759359,0.4365789418536975,0.558470507736208,False,-1.458343868656875
Frontal ROI,485.0,-0.7820532872915483,0.4542654503309611,0.5737659111387454,False,-1.3965827431616706
Frontal ROI,486.0,-0.7466678092633756,0.47431672845073025,0.5895319621346842,False,-1.330092360302024
Frontal ROI,487.0,-0.7100074186782077,0.49568301589524266,0.6106745064016962,False,-1.2627021320360852
Frontal ROI,488.0,-0.6738750860801684,0.5173219910112599,0.6302950230308713,False,-1.1968464014202977
Frontal ROI,489.0,-0.6394574899481655,0.5384591395410203,0.6463353712641356,False,-1.13349406165166
Frontal ROI,490.0,-0.6072996690349769,0.5586607290286719,0.6664092503135586,False,-1.0727607918198265
Frontal ROI,491.0,-0.5775325261090474,0.5777399574831269,0.6772503514977792,False,-1.014699560950243
Frontal ROI,492.0,-0.5501246796155572,0.5956208331834436,0.6947257971074775,False,-0.9597518617592083
Frontal ROI,493.0,-0.5249777300828085,0.6122839087386054,0.7116320980874185,False,-0.9086220010396531
Frontal ROI,494.0,-0.5018257699519988,0.6278363872876814,0.7262595833146283,False,-0.8617180168764577
Frontal ROI,495.0,-0.48004255272133556,0.6426489528698448,0.7373108280879889,False,-0.8185498118825375
Frontal ROI,496.0,-0.4585310340665272,0.6574423916094942,0.7530508439840775,False,-0.777471918311875
Frontal ROI,497.0,-0.43582602725181535,0.6732292512569116,0.764884449158987,False,-0.7359394915880713
Frontal ROI,498.0,-0.4104097825483524,0.6911036448251753,0.7826553392931307,False,-0.6911655500853258
Frontal ROI,499.0,-0.3811160247382862,0.7119580127245715,0.7998118059614177,False,-0.6408910149870154
Frontal ROI,500.0,-0.34746489789363294,0.7362295160382974,0.8192014138775342,False,-0.5839907538550365
Frontal ROI,501.0,-0.30982755452309646,0.7637458812451648,0.8404801613074735,False,-0.5207780882361341
Frontal ROI,502.0,-0.269407406832776,0.7936909811043013,0.8639400275685019,False,-0.45301600450773316
Frontal ROI,503.0,-0.22807672552216698,0.8246840673774962,0.8926121843604999,False,-0.38369061056908266
Frontal ROI,504.0,-0.1881094537873482,0.8549638233296528,0.9136122563324491,False,-0.31658041732973796
Frontal ROI,505.0,-0.1518148613897643,0.8826816233188064,0.9335651155163701,False,-0.25560806103143696
Frontal ROI,506.0,-0.12106867358392454,0.9062965474633111,0.9510686822930855,False,-0.2039906045795199
Frontal ROI,507.0,-0.09678969517911537,0.925014510158777,0.9626511129992946,False,-0.1633116791815837
Frontal ROI,508.0,-0.07851007354463196,0.9391401636611456,0.9681430216565634,False,-0.13278399946296035
Frontal ROI,509.0,-0.06425049104203807,0.9501752202308245,0.9766463773926803,False,-0.1090340392559229
Frontal ROI,510.0,-0.05085519028363041,0.960551714195879,0.9844250755136129,False,-0.08664303695234299
Frontal ROI,511.0,-0.03474738124232399,0.9730396341051297,0.9885518601560811,False,-0.05941297345788481
Frontal ROI,512.0,-0.012851051662010615,0.9900269916850744,0.9914413159589102,False,-0.022017180997171426
Frontal ROI,513.0,0.016652020110348647,0.9870775333532982,0.9914413159589102,False,0.028504045434273005
Frontal ROI,514.0,0.053945849419382956,0.958156803532504,0.9834083737573722,False,0.09191246074698886
Frontal ROI,515.0,0.09761596484213127,0.924376622608824,0.9626511129992946,False,0.16487852787160245
Frontal ROI,516.0,0.14501713082989098,0.8878930388291294,0.9359594289010822,False,0.24196677254097104
Frontal ROI,517.0,0.19288527126802377,0.85133128665905,0.9119747239971845,False,0.317168945831359
Frontal ROI,518.0,0.23811644039488603,0.8171235713092658,0.8874994961026361,False,0.38552640870401367
Frontal ROI,519.0,0.2785864325467921,0.7868572566396399,0.8591696836516941,False,0.4444019881104163
Frontal ROI,520.0,0.3137890339354552,0.7608323080611903,0.8399109416549518,False,0.49407930086834995
Frontal ROI,521.0,0.3450367969247515,0.7379932458978777,0.81986254417498,False,0.5375507246173644
Frontal ROI,522.0,0.37508090593844656,0.7162867860834908,0.8021038930423755,False,0.5795645963056687
Frontal ROI,523.0,0.40722577293758144,0.6933574695331132,0.7828772842876147,False,0.6251800492173311
Frontal ROI,524.0,0.4442099269014645,0.6673796451903133,0.7594693689584573,False,0.6781932327238369
Frontal ROI,525.0,0.4872001463700718,0.6377629210673148,0.7341080585684526,False,0.7398501367218066
Frontal ROI,526.0,0.5352198945862612,0.6054679208420132,0.7050382267612146,False,0.8082524833358342
Frontal ROI,527.0,0.5852479698687509,0.5727602841915681,0.6759342747782647,False,0.8787325395379554
Frontal ROI,528.0,0.6330721260411853,0.542436026027697,0.6499959901631036,False,0.9451912426725453
Frontal ROI,529.0,0.6747058566842393,0.5168180692388814,0.6302950230308713,False,1.0020230280526399
Frontal ROI,530.0,0.7078651685437726,0.4969500064495258,0.6111613237212589,False,1.045982240123034
Frontal ROI,531.0,0.7328897831082736,0.4822765364512147,0.5983643399155779,False,1.077328218039047
Frontal ROI,532.0,0.7527364328121925,0.47083778363979445,0.5883374087905453,False,1.0998506084222794
Frontal ROI,533.0,0.7720918463368168,0.45985285421270494,0.5787376136501008,False,1.1197842587228473
Frontal ROI,534.0,0.7959630592396706,0.44653890621925296,0.566046606256232,False,1.1440003905767753
Frontal ROI,535.0,0.8281895801346029,0.42897758376377315,0.5507569344659432,False,1.1780683770446163
Frontal ROI,536.0,0.8702799529477304,0.4067601869959675,0.5329698898769593,False,1.224780634107377
Frontal ROI,537.0,0.9209065546215766,0.38112134343006576,0.5127947442312402,False,1.2835522394345997
Frontal ROI,538.0,0.9762863420352815,0.3544324926350779,0.49132576594782185,False,1.350824286480576
Frontal ROI,539.0,1.0314093233701447,0.32926825288779826,0.471055194437442,False,1.4212850990664683
Frontal ROI,540.0,1.0816850383849925,0.3075222482824957,0.45383809693900945,False,1.4894756624309136
Frontal ROI,541.0,1.124316886335659,0.2899702329515701,0.4401238969999241,False,1.5512313289630792
Frontal ROI,542.0,1.1588491112851649,0.2763405541988597,0.42857240817124037,False,1.6044937139997029
Frontal ROI,543.0,1.1867568301629727,0.26570384029449023,0.4141035939588677,False,1.6492809642051753
Frontal ROI,544.0,1.2103710465950581,0.25696392459855694,0.4038827604116332,False,1.686939918694432
Frontal ROI,545.0,1.2316665648499108,0.24928419300674268,0.39535796221205116,False,1.7190872379775264
Frontal ROI,546.0,1.251451192315994,0.24231887862967802,0.3895998484390007,False,1.7467493791865252
Frontal ROI,547.0,1.269298764991223,0.23617397034541246,0.3841251814666685,False,1.7700865282124187
Frontal ROI,548.0,1.2842213321417912,0.2311358329908273,0.3781736450419444,False,1.788784911626599
Frontal ROI,549.0,1.2957060523248802,0.22731961001923034,0.37494276738989313,False,1.8028677871380772
Frontal ROI,550.0,1.304531490378491,0.2244229365689137,0.3731530998127175,False,1.8134535806265224
Frontal ROI,551.0,1.312881387927092,0.22171088270070194,0.3731530998127175,False,1.822986862888938
Frontal ROI,552.0,1.3236411632126273,0.2182567482336347,0.3713543216305289,False,1.8346988601271221
Frontal ROI,553.0,1.3391724523385107,0.21335090985928615,0.3673614124350719,False,1.8514417511313936
Frontal ROI,554.0,1.3601021472115908,0.2068877900416183,0.36347955092524925,False,1.8743927829860816
Frontal ROI,555.0,1.384679804827225,0.19951163023993007,0.35726084841821365,False,1.9022466403138207
Frontal ROI,556.0,1.409064726112188,0.1924170453038961,0.35726084841821365,False,1.9313228627256176
Frontal ROI,557.0,1.428530122626696,0.18691076185985706,0.35726084841821365,False,1.956611159850123
Frontal ROI,558.0,1.4391392080202068,0.183967515535652,0.35726084841821365,False,1.9733818178567226
Frontal ROI,559.0,1.4391853001245418,0.18395481655824905,0.35726084841821365,False,1.9787715721180774
Frontal ROI,560.0,1.4298195728052279,0.18655086928338216,0.35726084841821365,False,1.9727908695235759
Frontal ROI,561.0,1.4147132135478617,0.190804989925728,0.35726084841821365,False,1.9584241034493655
Frontal ROI,562.0,1.3990015503378797,0.19531811448582642,0.35726084841821365,False,1.9408096809403255
Frontal ROI,563.0,1.3879243814820692,0.19855489049207312,0.35726084841821365,False,1.9257813189714135
Frontal ROI,564.0,1.38554648665741,0.19925568296388405,0.35726084841821365,False,1.9182414127057066
Frontal ROI,565.0,1.393848469973197,0.19681817784247452,0.35726084841821365,False,1.9208750328759983
Frontal ROI,566.0,1.412381011671419,0.19146917363232863,0.35726084841821365,False,1.9335908641051553
Frontal ROI,567.0,1.4385532292205445,0.1841290266930579,0.35726084841821365,False,1.9538242562462387
Frontal ROI,568.0,1.4684562665999117,0.1760426488678258,0.35726084841821365,False,1.9775385345735157
Frontal ROI,569.0,1.4979232565922977,0.16837950887149433,0.35726084841821365,False,2.0005163390235894
Frontal ROI,570.0,1.523440345857356,0.1619821869932736,0.35373680087939186,False,2.019465765093801
Frontal ROI,571.0,1.5426376541214855,0.15731190406405196,0.35368386825677606,False,2.0325997778630285
Frontal ROI,572.0,1.5543561051544017,0.15452017286216954,0.3514428187244807,False,2.0396278488291855
Frontal ROI,573.0,1.5584767114655462,0.15354903258526068,0.3514428187244807,False,2.0413546169154495
Frontal ROI,574.0,1.5556981198325301,0.15420328933255245,0.3514428187244807,False,2.0391766036060384
Frontal ROI,575.0,1.5473311499030533,0.1561884168775538,0.3531873555844039,False,2.0346785269816188
Frontal ROI,576.0,1.5350810665562753,0.15913581347511155,0.35373680087939186,False,2.0293578809881745
Frontal ROI,577.0,1.520766013430972,0.16264244102287023,0.35407562471127957,False,2.024393675576324
Frontal ROI,578.0,1.50595375909866,0.16634259830466366,0.35726084841821365,False,2.0203893808829236
Frontal ROI,579.0,1.4915617729900608,0.17000862196222605,0.35726084841821365,False,2.017119434610259
Frontal ROI,580.0,1.4775441455350748,0.1736473243789137,0.35726084841821365,False,2.0134072333483846
Frontal ROI,581.0,1.4628388745516496,0.17753764485881604,0.35726084841821365,False,2.0072906561021595
Frontal ROI,582.0,1.4457298104962875,0.18215942752485356,0.35726084841821365,False,1.9965652478427967
Frontal ROI,583.0,1.4246356439929238,0.1880013831784738,0.35726084841821365,False,1.9796316793579734
Frontal ROI,584.0,1.3991112561893355,0.19528628616588156,0.35726084841821365,False,1.9563935239373684
Frontal ROI,585.0,1.3706231572269065,0.20370226564844607,0.35968586453289847,False,1.9288390951193937
Frontal ROI,586.0,1.342636897357149,0.21226941240384556,0.3673614124350719,False,1.9009904546313863
Frontal ROI,587.0,1.3198392876271414,0.21947202666295046,0.3718428388863137,False,1.8781101646375926
Frontal ROI,588.0,1.3067718573116176,0.22369254670922134,0.3731530998127175,False,1.8653564939145675
Frontal ROI,589.0,1.3064386731408038,0.22380104293123845,0.3731530998127175,False,1.8663363227257765
Frontal ROI,590.0,1.3194020473783812,0.21961215607183052,0.3718428388863137,False,1.8820861745081672
Frontal ROI,591.0,1.3436285695865449,0.21196069755591532,0.3673614124350719,False,1.910849166306295
Frontal ROI,592.0,1.3750902036152977,0.2023624508596669,0.35871561180466066,False,1.9486814431544388
Frontal ROI,593.0,1.408920881732209,0.19245825072868444,0.35726084841821365,False,1.9905947418531214
Frontal ROI,594.0,1.4407736448615507,0.18351767147918954,0.35726084841821365,False,2.0317960837967566
Frontal ROI,595.0,1.4679416158878735,0.17617915736123085,0.35726084841821365,False,2.068644065686118
Frontal ROI,596.0,1.4898719304713661,0.17044369533858586,0.35726084841821365,False,2.0991232921853493
Frontal ROI,597.0,1.507924307307524,0.16584610407481593,0.35726084841821365,False,2.122832892828002
Frontal ROI,598.0,1.524538788428097,0.16171168491817497,0.35373680087939186,False,2.1406331646202954
Frontal ROI,599.0,1.5421998319951136,0.1574170711784795,0.35368386825677606,False,2.1541505580413323
Frontal ROI,600.0,1.5626060013140695,0.15258130450503582,0.3514428187244807,False,2.1653116692235335
