roi,time_ms,category,mean_uV,sem_uV
Frontal ROI,-100.0,animal,-0.19628907149365346,0.17700847927156266
Frontal ROI,-100.0,nonanimal,-0.24377403128226866,0.32626876662690085
Frontal ROI,-99.0,animal,-0.19918494409694035,0.179697314355601
Frontal ROI,-99.0,nonanimal,-0.20201167519015878,0.31848745290044334
Frontal ROI,-98.0,animal,-0.2013059890003807,0.176121147916755
Frontal ROI,-98.0,nonanimal,-0.165317179416924,0.30283328064021336
Frontal ROI,-97.0,animal,-0.20195460378289648,0.16480513014207146
Frontal ROI,-97.0,nonanimal,-0.13180186960765738,0.2798237381427536
Frontal ROI,-96.0,animal,-0.20050270784289922,0.14799619863452868
Frontal ROI,-96.0,nonanimal,-0.0991911566105832,0.2518480598637427
Frontal ROI,-95.0,animal,-0.19654044769882958,0.13077274186468096
Frontal ROI,-95.0,nonanimal,-0.06566858735835089,0.22297766525496743
Frontal ROI,-94.0,animal,-0.18989695021981964,0.11857834490733372
Frontal ROI,-94.0,nonanimal,-0.030375983755619333,0.19855868238369964
Frontal ROI,-93.0,animal,-0.180563918447488,0.11385167213669332
Frontal ROI,-93.0,nonanimal,0.006450890074149484,0.18370715229681298
Frontal ROI,-92.0,animal,-0.16862525504825152,0.11495162268916782
Frontal ROI,-92.0,nonanimal,0.04348120865031152,0.18016074767947599
Frontal ROI,-91.0,animal,-0.154310923046157,0.11883090721472296
Frontal ROI,-91.0,nonanimal,0.07822049365699466,0.1843985861632111
Frontal ROI,-90.0,animal,-0.1381969882281912,0.12334081656183168
Frontal ROI,-90.0,nonanimal,0.10694116065967578,0.19032334584075034
Frontal ROI,-89.0,animal,-0.12142505118894191,0.1272369081646091
Frontal ROI,-89.0,nonanimal,0.12492536703322002,0.19335567240071191
Frontal ROI,-88.0,animal,-0.10574386389172237,0.12971841397298728
Frontal ROI,-88.0,nonanimal,0.12731692154870294,0.19210300981677458
Frontal ROI,-87.0,animal,-0.09325222999193254,0.1303512106139844
Frontal ROI,-87.0,nonanimal,0.1105561207950057,0.18772761620898115
Frontal ROI,-86.0,animal,-0.08588951908214842,0.12887014427696458
Frontal ROI,-86.0,nonanimal,0.07392398306640015,0.1823274890626549
Frontal ROI,-85.0,animal,-0.08485595529408455,0.12484531796065314
Frontal ROI,-85.0,nonanimal,0.020446267151474774,0.17757649462349462
Frontal ROI,-84.0,animal,-0.09018358078922059,0.11790661593695509
Frontal ROI,-84.0,nonanimal,-0.04343250145539006,0.17446377098951368
Frontal ROI,-83.0,animal,-0.1006023028301479,0.10865686853397045
Frontal ROI,-83.0,nonanimal,-0.10943682273948982,0.173791950910126
Frontal ROI,-82.0,animal,-0.11372742275967276,0.09932630037798287
Frontal ROI,-82.0,nonanimal,-0.16968048158597834,0.17637544911682504
Frontal ROI,-81.0,animal,-0.1264948432980399,0.0930167325917298
Frontal ROI,-81.0,nonanimal,-0.21854815707226302,0.1826316134488355
Frontal ROI,-80.0,animal,-0.13574296982648634,0.09165338896841768
Frontal ROI,-80.0,nonanimal,-0.2534737465341238,0.19208906118633182
Frontal ROI,-79.0,animal,-0.1388466696607644,0.09512769221928223
Frontal ROI,-79.0,nonanimal,-0.27448577938374624,0.20312206384628678
Frontal ROI,-78.0,animal,-0.1342981072254709,0.10300817510090671
Frontal ROI,-78.0,nonanimal,-0.2830597858736773,0.21301506728941513
Frontal ROI,-77.0,animal,-0.12209117707911074,0.11561662619154504
Frontal ROI,-77.0,nonanimal,-0.28108831056584616,0.2187408649015059
Frontal ROI,-76.0,animal,-0.10377043361196665,0.13253697014998922
Frontal ROI,-76.0,nonanimal,-0.2705183509553518,0.2184928803749234
Frontal ROI,-75.0,animal,-0.08210133520306398,0.15117167506665924
Frontal ROI,-75.0,nonanimal,-0.2536425145670718,0.2130519209626014
Frontal ROI,-74.0,animal,-0.060459595332027306,0.1674267084588483
Frontal ROI,-74.0,nonanimal,-0.23355548778245322,0.20559095396286742
Frontal ROI,-73.0,animal,-0.0421099200598559,0.17748031102793163
Frontal ROI,-73.0,nonanimal,-0.21417271785351777,0.19922351370135608
Frontal ROI,-72.0,animal,-0.029517137536072723,0.17923702347974882
Frontal ROI,-72.0,nonanimal,-0.19948861294547152,0.1938987708142398
Frontal ROI,-71.0,animal,-0.023789777900207077,0.1730719171127648
Frontal ROI,-71.0,nonanimal,-0.19225772975818148,0.18612403803193195
Frontal ROI,-70.0,animal,-0.02437872411127291,0.16181830707752778
Frontal ROI,-70.0,nonanimal,-0.19273225163006089,0.17238821499069057
Frontal ROI,-69.0,animal,-0.02917948068426528,0.14979207633827893
Frontal ROI,-69.0,nonanimal,-0.1981907472174594,0.15350338122348248
Frontal ROI,-68.0,animal,-0.035077876857982804,0.1405989248599038
Frontal ROI,-68.0,nonanimal,-0.20366459024764832,0.13727020501116144
Frontal ROI,-67.0,animal,-0.03875201725742441,0.13467708246471774
Frontal ROI,-67.0,nonanimal,-0.20366818271985904,0.1353009800491181
Frontal ROI,-66.0,animal,-0.03738266763791609,0.12926736934881647
Frontal ROI,-66.0,nonanimal,-0.19422816620957623,0.15028963566817427
Frontal ROI,-65.0,animal,-0.029015936717461888,0.12140973578610463
Frontal ROI,-65.0,nonanimal,-0.1743495679741697,0.17288282959273762
Frontal ROI,-64.0,animal,-0.012604887905407902,0.11093046343314013
Frontal ROI,-64.0,nonanimal,-0.1463369206871748,0.1949982692887501
Frontal ROI,-63.0,animal,0.012002533472767484,0.10101058963219615
Frontal ROI,-63.0,nonanimal,-0.1149127701016115,0.21579467382969833
Frontal ROI,-62.0,animal,0.04387969838677178,0.09556268021568107
Frontal ROI,-62.0,nonanimal,-0.08559747317814913,0.23763737311559727
Frontal ROI,-61.0,animal,0.08065940842657399,0.09494971530540172
Frontal ROI,-61.0,nonanimal,-0.06309641192475524,0.25970859081366476
Frontal ROI,-60.0,animal,0.11831641299334264,0.09584117264443705
Frontal ROI,-60.0,nonanimal,-0.05037040406668534,0.276379277733176
Frontal ROI,-59.0,animal,0.15151303276941422,0.09590368171283528
Frontal ROI,-59.0,nonanimal,-0.048666136317375486,0.28161509538086105
Frontal ROI,-58.0,animal,0.17470612553086956,0.09648220009130684
Frontal ROI,-58.0,nonanimal,-0.0582171373012685,0.2744424222018432
Frontal ROI,-57.0,animal,0.18379223401633116,0.10034152554129358
Frontal ROI,-57.0,nonanimal,-0.07891644482712665,0.2613895513478961
Frontal ROI,-56.0,animal,0.17768502432467356,0.10731607508787278
Frontal ROI,-56.0,nonanimal,-0.11029084801678188,0.2537171124467241
Frontal ROI,-55.0,animal,0.15911977639647612,0.11380799451475
Frontal ROI,-55.0,nonanimal,-0.15062941225200366,0.25881359556900263
Frontal ROI,-54.0,animal,0.13423483244617063,0.11640242260771376
Frontal ROI,-54.0,nonanimal,-0.19581450190794217,0.2733800623866182
Frontal ROI,-53.0,animal,0.11097209904006164,0.11462832024115303
Frontal ROI,-53.0,nonanimal,-0.23878937082783985,0.28780190300623404
Frontal ROI,-52.0,animal,0.09683404056778029,0.11096180364393145
Frontal ROI,-52.0,nonanimal,-0.2703723823500419,0.29434277571052575
Frontal ROI,-51.0,animal,0.09679066695712955,0.10853515572091275
Frontal ROI,-51.0,nonanimal,-0.28141468544771053,0.2900433970828496
Frontal ROI,-50.0,animal,0.11203840337069812,0.10828373462337294
Frontal ROI,-50.0,nonanimal,-0.2655432223484041,0.27557685795178405
Frontal ROI,-49.0,animal,0.1399352954831805,0.1086674378614462
Frontal ROI,-49.0,nonanimal,-0.2213842698530982,0.25340496615874125
Frontal ROI,-48.0,animal,0.1749814144835404,0.10830493436587361
Frontal ROI,-48.0,nonanimal,-0.15337988097228336,0.2269110797527997
Frontal ROI,-47.0,animal,0.21040104389568737,0.10814931567904373
Frontal ROI,-47.0,nonanimal,-0.07092057758226887,0.20071600447077584
Frontal ROI,-46.0,animal,0.2398079890870332,0.11106370159368309
Frontal ROI,-46.0,nonanimal,0.013843629601942348,0.18099205616667746
Frontal ROI,-45.0,animal,0.25855642181492866,0.1192669411133345
Frontal ROI,-45.0,nonanimal,0.08878144415808772,0.17345823379759082
Frontal ROI,-44.0,animal,0.2645695979719803,0.13228986572626641
Frontal ROI,-44.0,nonanimal,0.14439653056928373,0.17890300576950913
Frontal ROI,-43.0,animal,0.25857243674598934,0.14756802766012952
Frontal ROI,-43.0,nonanimal,0.17573380154770762,0.19227398250506292
Frontal ROI,-42.0,animal,0.24370692094614946,0.1621120488685111
Frontal ROI,-42.0,nonanimal,0.18326607262081263,0.20732837444771507
Frontal ROI,-41.0,animal,0.22455525411779073,0.1733887519426025
Frontal ROI,-41.0,nonanimal,0.17261642058092652,0.22009996225566916
Frontal ROI,-40.0,animal,0.20573100413809833,0.17956270791809187
Frontal ROI,-40.0,nonanimal,0.1531108711620142,0.22901880336270838
Frontal ROI,-39.0,animal,0.19041698459808004,0.17964494378769602
Frontal ROI,-39.0,nonanimal,0.13537606148376713,0.23406427420811335
Frontal ROI,-38.0,animal,0.17937580832763794,0.17366068521525965
Frontal ROI,-38.0,nonanimal,0.128502592321396,0.23637393315993324
Frontal ROI,-37.0,animal,0.17087381940572044,0.16273769263998097
Frontal ROI,-37.0,nonanimal,0.1375418667264275,0.23798533646687636
Frontal ROI,-36.0,animal,0.1615986249449401,0.14900440585242902
Frontal ROI,-36.0,nonanimal,0.1621114538557469,0.2407767236109256
Frontal ROI,-35.0,animal,0.14818137050578367,0.1351484571513386
Frontal ROI,-35.0,nonanimal,0.19659707758503936,0.244810857754679
Frontal ROI,-34.0,animal,0.12862557733941216,0.12346643092242815
Frontal ROI,-34.0,nonanimal,0.23194634356672728,0.2478591203744959
Frontal ROI,-33.0,animal,0.10302490226739998,0.11464195886968302
Frontal ROI,-33.0,nonanimal,0.2585238333420282,0.24710158869783597
Frontal ROI,-32.0,animal,0.07336701494309972,0.10734026590956972
Frontal ROI,-32.0,nonanimal,0.2691102057092342,0.2415905548216193
Frontal ROI,-31.0,animal,0.04270543319090929,0.09947173572817886
Frontal ROI,-31.0,nonanimal,0.2610253650484203,0.23337470493152035
Frontal ROI,-30.0,animal,0.014208039435880027,0.09026374484939305
Frontal ROI,-30.0,nonanimal,0.23664520659309574,0.22629279482696715
Frontal ROI,-29.0,animal,-0.009524428182597388,0.08162136087408992
Frontal ROI,-29.0,nonanimal,0.20219573292731088,0.22316141213311558
Frontal ROI,-28.0,animal,-0.02676815513823788,0.07750914497368509
Frontal ROI,-28.0,nonanimal,0.16540657453523233,0.2239203032036783
Frontal ROI,-27.0,animal,-0.03671415585766359,0.08035776965253216
Frontal ROI,-27.0,nonanimal,0.13304214949650922,0.22659996958270465
Frontal ROI,-26.0,animal,-0.03935632168270968,0.08816731863733376
Frontal ROI,-26.0,nonanimal,0.1092702262496342,0.22940742523527335
Frontal ROI,-25.0,animal,-0.03528322170035643,0.09727893347085438
Frontal ROI,-25.0,nonanimal,0.09533613096915117,0.23150399248035178
Frontal ROI,-24.0,animal,-0.025416641417943097,0.1059350156752746
Frontal ROI,-24.0,nonanimal,0.09036579437231512,0.23274872635201202
Frontal ROI,-23.0,animal,-0.010803463522685608,0.1144558814540805
Frontal ROI,-23.0,nonanimal,0.0926582659954706,0.23383702346649252
Frontal ROI,-22.0,animal,0.007398508075589861,0.12341647357587998
Frontal ROI,-22.0,nonanimal,0.10073778518737649,0.23676099753755625
Frontal ROI,-21.0,animal,0.02769564062265162,0.13201646621242802
Frontal ROI,-21.0,nonanimal,0.1137326693710005,0.24410844592596598
Frontal ROI,-20.0,animal,0.04794657312749719,0.13806457136137176
Frontal ROI,-20.0,nonanimal,0.13112243808751786,0.256787308702608
Frontal ROI,-19.0,animal,0.06526862205540493,0.139308790219875
Frontal ROI,-19.0,nonanimal,0.15224698663424507,0.2723878312695176
Frontal ROI,-18.0,animal,0.07640927350181553,0.13496803939109153
Frontal ROI,-18.0,nonanimal,0.17602164771366674,0.28627815468813983
Frontal ROI,-17.0,animal,0.07855604672957198,0.1267731061989455
Frontal ROI,-17.0,nonanimal,0.2010610376010197,0.29432268670209427
Frontal ROI,-16.0,animal,0.07025913816981857,0.11909286691832467
Frontal ROI,-16.0,nonanimal,0.22607466011817992,0.2949660579765625
Frontal ROI,-15.0,animal,0.05204115240134397,0.11712016731360193
Frontal ROI,-15.0,nonanimal,0.2501702851736748,0.28972922524289907
Frontal ROI,-14.0,animal,0.02642426954621161,0.1227874934303728
Frontal ROI,-14.0,nonanimal,0.27273187885527106,0.2821081758276739
Frontal ROI,-13.0,animal,-0.0026320750673242354,0.13276033665648798
Frontal ROI,-13.0,nonanimal,0.2928173377822855,0.27527144040815255
Frontal ROI,-12.0,animal,-0.030685147267800604,0.14160960333753447
Frontal ROI,-12.0,nonanimal,0.30839350420792255,0.26976623898259117
Frontal ROI,-11.0,animal,-0.053875148490254446,0.14555446294712662
Frontal ROI,-11.0,nonanimal,0.31592762277539516,0.26307047510019327
Frontal ROI,-10.0,animal,-0.069833455640489,0.1439155421642795
Frontal ROI,-10.0,nonanimal,0.3107635963386538,0.25155926815854646
Frontal ROI,-9.0,animal,-0.07821674689058801,0.1388837681179506
Frontal ROI,-9.0,nonanimal,0.28837156100379524,0.23343004502268416
Frontal ROI,-8.0,animal,-0.08073742316050947,0.13375644747730334
Frontal ROI,-8.0,nonanimal,0.246132609645888,0.21090470911823955
Frontal ROI,-7.0,animal,-0.08067914894651892,0.1299450807845846
Frontal ROI,-7.0,nonanimal,0.18499485315910852,0.19055281802905394
Frontal ROI,-6.0,animal,-0.08201238617948262,0.1253812359776089
Frontal ROI,-6.0,nonanimal,0.1102611171897121,0.17999348839998752
Frontal ROI,-5.0,animal,-0.08833356247510092,0.11692415854102585
Frontal ROI,-5.0,nonanimal,0.031006563922526355,0.18110059003768436
Frontal ROI,-4.0,animal,-0.10189307968650614,0.10517016670684298
Frontal ROI,-4.0,nonanimal,-0.04186712868786456,0.18795268321169076
Frontal ROI,-3.0,animal,-0.12295591652685674,0.09804010711145798
Frontal ROI,-3.0,nonanimal,-0.09833315678964705,0.19364370729871452
Frontal ROI,-2.0,animal,-0.14966737451082718,0.10579065678011294
Frontal ROI,-2.0,nonanimal,-0.13167330732974597,0.19624648793466432
Frontal ROI,-1.0,animal,-0.17849672916864986,0.12589916587004726
Frontal ROI,-1.0,nonanimal,-0.13967514444878945,0.19886478135188054
Frontal ROI,0.0,animal,-0.20518860242093145,0.14535217861164018
Frontal ROI,0.0,nonanimal,-0.12421764290999446,0.20561858450052126
Frontal ROI,1.0,animal,-0.22597376916690007,0.15378649493851906
Frontal ROI,1.0,nonanimal,-0.08970667371137461,0.2169978914862899
Frontal ROI,2.0,animal,-0.23864078542774356,0.14766510577485228
Frontal ROI,2.0,nonanimal,-0.04135929565516759,0.2288656825102377
Frontal ROI,3.0,animal,-0.24306740147131087,0.13044434204554994
Frontal ROI,3.0,nonanimal,0.015772275322839875,0.23546139384115608
Frontal ROI,4.0,animal,-0.2409894371401297,0.11163647760999358
Frontal ROI,4.0,nonanimal,0.07679075676648167,0.23288399152362796
Frontal ROI,5.0,animal,-0.23510014940517387,0.10261551334385256
Frontal ROI,5.0,nonanimal,0.1364300555785604,0.22116666837639173
Frontal ROI,6.0,animal,-0.22786554599410289,0.10656164492245063
Frontal ROI,6.0,nonanimal,0.18881350308860653,0.20486746019589233
Frontal ROI,7.0,animal,-0.2205795481191683,0.11625589319116213
Frontal ROI,7.0,nonanimal,0.22803565996944708,0.19160884423271662
Frontal ROI,8.0,animal,-0.21307662801663158,0.12543683051216267
Frontal ROI,8.0,nonanimal,0.24947575163950045,0.18744957282486202
Frontal ROI,9.0,animal,-0.20419749719172126,0.13342761894843633
Frontal ROI,9.0,nonanimal,0.2511615202813985,0.19173823497404285
Frontal ROI,10.0,animal,-0.19275394974654025,0.14164274792713966
Frontal ROI,10.0,nonanimal,0.23435541874907456,0.19842362824529766
Frontal ROI,11.0,animal,-0.17855380727745457,0.14958680280013195
Frontal ROI,11.0,nonanimal,0.20296332615375734,0.20244123877268017
Frontal ROI,12.0,animal,-0.16309653044257708,0.1544976416169304
Frontal ROI,12.0,nonanimal,0.16209263685467715,0.20361381108593718
Frontal ROI,13.0,animal,-0.14971918120395789,0.1541265413543399
Frontal ROI,13.0,nonanimal,0.11660310819831121,0.20603957102050033
Frontal ROI,14.0,animal,-0.14311763650624107,0.14948113912883645
Frontal ROI,14.0,nonanimal,0.07043015612621605,0.21413515707310654
Frontal ROI,15.0,animal,-0.14827056051872645,0.14532852295644688
Frontal ROI,15.0,nonanimal,0.02687693207862819,0.22835415590232552
Frontal ROI,16.0,animal,-0.16893765059384244,0.14707166377958908
Frontal ROI,16.0,nonanimal,-0.0106043218795429,0.24485273321216228
Frontal ROI,17.0,animal,-0.20611692892070527,0.1554005581356938
Frontal ROI,17.0,nonanimal,-0.03795128908108299,0.25849302989750167
Frontal ROI,18.0,animal,-0.25701383150118157,0.16544886933941275
Frontal ROI,18.0,nonanimal,-0.050978415171804695,0.2649952378494651
Frontal ROI,19.0,animal,-0.31503370106721096,0.17175533649400834
Frontal ROI,19.0,nonanimal,-0.04685971412009442,0.26112044278002794
Frontal ROI,20.0,animal,-0.3709838542364234,0.17243249680534647
Frontal ROI,20.0,nonanimal,-0.02599695892078368,0.24455314417602575
Frontal ROI,21.0,animal,-0.4151874096044989,0.16970308482862742
Frontal ROI,21.0,nonanimal,0.006723566462933722,0.21502172682181525
Frontal ROI,22.0,animal,-0.4398258324851165,0.16753450237241554
Frontal ROI,22.0,nonanimal,0.04217447646303505,0.17708499626557603
Frontal ROI,23.0,animal,-0.4407577660768343,0.1682086522045383
Frontal ROI,23.0,nonanimal,0.06902540438564934,0.14442545051375433
Frontal ROI,24.0,animal,-0.4183293954628523,0.1711350871393156
Frontal ROI,24.0,nonanimal,0.07705842732011212,0.13914255584736498
Frontal ROI,25.0,animal,-0.3770986047751803,0.17503819229403286
Frontal ROI,25.0,nonanimal,0.06059801373765028,0.1662598320289241
Frontal ROI,26.0,animal,-0.3247221986514863,0.18012397029559296
Frontal ROI,26.0,nonanimal,0.020744276835510788,0.20550691751446318
Frontal ROI,27.0,animal,-0.2703712127056847,0.18743291074633264
Frontal ROI,27.0,nonanimal,-0.034466043236605494,0.240305690009809
Frontal ROI,28.0,animal,-0.223018729756885,0.19666186808701241
Frontal ROI,28.0,nonanimal,-0.09204286773397688,0.26446914899037277
Frontal ROI,29.0,animal,-0.18987201235822168,0.2055129342942105
Frontal ROI,29.0,nonanimal,-0.13747045554291698,0.2779503783832734
Frontal ROI,30.0,animal,-0.17516480869980505,0.21124527529356898
Frontal ROI,30.0,nonanimal,-0.15846563651381942,0.28316582110967176
Frontal ROI,31.0,animal,-0.17949057313779943,0.21246772455117996
Frontal ROI,31.0,nonanimal,-0.14800103742819878,0.2822514484242916
Frontal ROI,32.0,animal,-0.1998178519558254,0.20973670492037372
Frontal ROI,32.0,nonanimal,-0.10590953287504531,0.2756540847686057
Frontal ROI,33.0,animal,-0.23025121880356497,0.20506105821634343
Frontal ROI,33.0,nonanimal,-0.03884747661673451,0.2625711055066942
Frontal ROI,34.0,animal,-0.26344278973266827,0.20099437985977814
Frontal ROI,34.0,nonanimal,0.04122619470956705,0.2427928132627318
Frontal ROI,35.0,animal,-0.2923457578102998,0.1998209834651542
Frontal ROI,35.0,nonanimal,0.11963944285232828,0.21862908794211006
Frontal ROI,36.0,animal,-0.31183079743546077,0.20295888793660666
Frontal ROI,36.0,nonanimal,0.18208199992818425,0.19558867535649851
Frontal ROI,37.0,animal,-0.3196743818528424,0.21054411974939535
Frontal ROI,37.0,nonanimal,0.2175099775794184,0.18093787109358345
Frontal ROI,38.0,animal,-0.3166158211160347,0.22131711319513875
Frontal ROI,38.0,nonanimal,0.22029163755887243,0.18030880042746278
Frontal ROI,39.0,animal,-0.3055003757942759,0.2329542133198337
Frontal ROI,39.0,nonanimal,0.1911891161930223,0.19500980695120507
Frontal ROI,40.0,animal,-0.28984810540991307,0.2427277847819926
Frontal ROI,40.0,nonanimal,0.1369862616567499,0.22240249411967156
Frontal ROI,41.0,animal,-0.2723866790567655,0.2482504659852524
Frontal ROI,41.0,nonanimal,0.06881103910854791,0.2568909528346752
Frontal ROI,42.0,animal,-0.2540814859936814,0.2481628638146755
Frontal ROI,42.0,nonanimal,-0.0005084287189076831,0.2903754630314056
Frontal ROI,43.0,animal,-0.23400035007858566,0.24267524573844187
Frontal ROI,43.0,nonanimal,-0.059408556236749545,0.3141108301119326
Frontal ROI,44.0,animal,-0.2100151182535713,0.2337739526753622
Frontal ROI,44.0,nonanimal,-0.10005217313924553,0.32191571199691416
Frontal ROI,45.0,animal,-0.1800119594438921,0.2247718282631189
Frontal ROI,45.0,nonanimal,-0.11955926505423267,0.31308217409037964
Frontal ROI,46.0,animal,-0.1430952752803602,0.21895998782438278
Frontal ROI,46.0,nonanimal,-0.11965168455887558,0.2935657240314658
Frontal ROI,47.0,animal,-0.10031879954406064,0.2177930916321852
Frontal ROI,47.0,nonanimal,-0.10491088867535522,0.2741549872420522
Frontal ROI,48.0,animal,-0.054713744659948695,0.22001166472076653
Frontal ROI,48.0,nonanimal,-0.08036802010478042,0.26436672193815264
Frontal ROI,49.0,animal,-0.010672072687056772,0.2226184401752051
Frontal ROI,49.0,nonanimal,-0.04940774976268873,0.2649676024227438
Frontal ROI,50.0,animal,0.027061415480197006,0.22272716850830687
Frontal ROI,50.0,nonanimal,-0.012816488837188911,0.2680148406490182
Frontal ROI,51.0,animal,0.054497770014537594,0.2188055763207299
Frontal ROI,51.0,nonanimal,0.03072017712458145,0.2647160451803499
Frontal ROI,52.0,animal,0.069387304048479,0.21088741978621603
Frontal ROI,52.0,nonanimal,0.08303459748107904,0.25171743306329547
Frontal ROI,53.0,animal,0.07190865197231408,0.20008431442303992
Frontal ROI,53.0,nonanimal,0.14465172197533124,0.23291678962049597
Frontal ROI,54.0,animal,0.06489394042710002,0.18788481604094803
Frontal ROI,54.0,nonanimal,0.21362743152097458,0.21824640441315882
Frontal ROI,55.0,animal,0.05342114121208861,0.1756460881143017
Frontal ROI,55.0,nonanimal,0.2855860996449303,0.21806899196290022
Frontal ROI,56.0,animal,0.04373811024085798,0.1644276763060323
Frontal ROI,56.0,nonanimal,0.35489961373527495,0.23395570417133957
Frontal ROI,57.0,animal,0.04175579982009818,0.15498456274092656
Frontal ROI,57.0,nonanimal,0.41642898414204144,0.2573315086286937
Frontal ROI,58.0,animal,0.05160292063412233,0.14765567089381057
Frontal ROI,58.0,nonanimal,0.4670437484169484,0.2778716198352003
Frontal ROI,59.0,animal,0.07474938468938781,0.14222977294316566
Frontal ROI,59.0,nonanimal,0.5062922124762341,0.28937224531727157
Frontal ROI,60.0,animal,0.10994356353284798,0.13824369193431404
Frontal ROI,60.0,nonanimal,0.5360095544245816,0.2904622559759928
Frontal ROI,61.0,animal,0.15383341120535232,0.13591485049256788
Frontal ROI,61.0,nonanimal,0.5591206625178199,0.28328183987528466
Frontal ROI,62.0,animal,0.20189504035924663,0.13702618714828782
Frontal ROI,62.0,nonanimal,0.5782372605973717,0.27184708897412346
Frontal ROI,63.0,animal,0.249278856385364,0.14436351492227803
Frontal ROI,63.0,nonanimal,0.5947373136933712,0.26074950111642686
Frontal ROI,64.0,animal,0.2913512534481761,0.1592546417991278
Frontal ROI,64.0,nonanimal,0.6087904210955007,0.2541357289833694
Frontal ROI,65.0,animal,0.3239401438235999,0.17973471065363494
Frontal ROI,65.0,nonanimal,0.6203028336792091,0.25449437147417675
Frontal ROI,66.0,animal,0.34346226333221597,0.20165346894703506
Frontal ROI,66.0,nonanimal,0.6302060580105225,0.2615917582843938
Frontal ROI,67.0,animal,0.3471410551819534,0.2211008187201688
Frontal ROI,67.0,nonanimal,0.6412180688682139,0.2728456466656651
Frontal ROI,68.0,animal,0.3334116914358021,0.23607382679343017
Frontal ROI,68.0,nonanimal,0.6573982823097013,0.2851400807501539
Frontal ROI,69.0,animal,0.30244685675043614,0.24698328003914544
Frontal ROI,69.0,nonanimal,0.6824661242168117,0.29645713838814947
Frontal ROI,70.0,animal,0.25662853996166535,0.2560275909403534
Frontal ROI,70.0,nonanimal,0.7176141809360995,0.30631440825375833
Frontal ROI,71.0,animal,0.20077352084707348,0.265547079320838
Frontal ROI,71.0,nonanimal,0.7599839733356555,0.3152820828681403
Frontal ROI,72.0,animal,0.14194439916317284,0.27616355931027387
Frontal ROI,72.0,nonanimal,0.8027849044355019,0.3242589925297544
Frontal ROI,73.0,animal,0.08869793090100683,0.2860647876769851
Frontal ROI,73.0,nonanimal,0.8372675254798482,0.33400690066870736
Frontal ROI,74.0,animal,0.04968773332377724,0.2919291523338714
Frontal ROI,74.0,nonanimal,0.8557970220864511,0.34507943424510046
Frontal ROI,75.0,animal,0.03172516910582261,0.2906042948757591
Frontal ROI,75.0,nonanimal,0.8546556875344293,0.3577997784560696
Frontal ROI,76.0,animal,0.037722007610018135,0.28051196456688954
Frontal ROI,76.0,nonanimal,0.8352935555974111,0.37176508441200373
Frontal ROI,77.0,animal,0.0652416958789948,0.26240328771765814
Frontal ROI,77.0,nonanimal,0.8034859225696049,0.38509239126714717
Frontal ROI,78.0,animal,0.10643140265197615,0.2394051619712517
Frontal ROI,78.0,nonanimal,0.7668320385109493,0.3945727159919318
Frontal ROI,79.0,animal,0.14973346994826578,0.21626850998242347
Frontal ROI,79.0,nonanimal,0.7317398265219344,0.3973763170790556
Frontal ROI,80.0,animal,0.18304842460608042,0.19781034956482674
Frontal ROI,80.0,nonanimal,0.7011862944763364,0.3931436447744442
Frontal ROI,81.0,animal,0.19729910428950773,0.1870554697458628
Frontal ROI,81.0,nonanimal,0.6741388661197643,0.3843393909997653
Frontal ROI,82.0,animal,0.18905250612348143,0.18427945371513682
Frontal ROI,82.0,nonanimal,0.6467957507645267,0.37396527458266005
Frontal ROI,83.0,animal,0.16121184534230854,0.1876677662248625
Frontal ROI,83.0,nonanimal,0.6150515728513225,0.3626712753512742
Frontal ROI,84.0,animal,0.12160673919509354,0.19464024589728882
Frontal ROI,84.0,nonanimal,0.57706798416408,0.3488495355717639
Frontal ROI,85.0,animal,0.08015361189386776,0.2027409750876969
Frontal ROI,85.0,nonanimal,0.5347590244523323,0.33205488787880627
Frontal ROI,86.0,animal,0.04573431182240224,0.21009442099795964
Frontal ROI,86.0,nonanimal,0.49347584585931764,0.31572482141028096
Frontal ROI,87.0,animal,0.023881354305758683,0.21560548735449875
Frontal ROI,87.0,nonanimal,0.4600490883278715,0.30548451617020334
Frontal ROI,88.0,animal,0.015891469865323794,0.21889367619241692
Frontal ROI,88.0,nonanimal,0.4401622453864256,0.30403617639469593
Frontal ROI,89.0,animal,0.019379526834058185,0.22018609580950652
Frontal ROI,89.0,nonanimal,0.436327774952022,0.3087516802703483
Frontal ROI,90.0,animal,0.02979595384370464,0.22045926780979289
Frontal ROI,90.0,nonanimal,0.4473450177615085,0.31530901092925234
Frontal ROI,91.0,animal,0.04219750289542381,0.22159925295911354
Frontal ROI,91.0,nonanimal,0.46930076061547493,0.3222456904456238
Frontal ROI,92.0,animal,0.05261342080578195,0.22588787855991596
Frontal ROI,92.0,nonanimal,0.49741823985858946,0.3312172750847676
Frontal ROI,93.0,animal,0.05864443553942909,0.23466209119747153
Frontal ROI,93.0,nonanimal,0.5277525902960841,0.34354526168970145
Frontal ROI,94.0,animal,0.05933394643410013,0.2472596099120852
Frontal ROI,94.0,nonanimal,0.5579626025661952,0.3571213281470609
Frontal ROI,95.0,animal,0.05466790116359852,0.2614105077765558
Frontal ROI,95.0,nonanimal,0.5869556977891796,0.3667949940391811
Frontal ROI,96.0,animal,0.04513557745835413,0.27461717150803205
Frontal ROI,96.0,nonanimal,0.6137952943712623,0.3673001711639544
Frontal ROI,97.0,animal,0.03160129747927256,0.28526505752340126
Frontal ROI,97.0,nonanimal,0.6366131085640155,0.3559399214027074
Frontal ROI,98.0,animal,0.015422240526392777,0.29294634878232334
Frontal ROI,98.0,nonanimal,0.6522454032518025,0.33373597214987194
Frontal ROI,99.0,animal,-0.0014993382032895241,0.2981999488996348
Frontal ROI,99.0,nonanimal,0.6569458850498998,0.3051507407324248
Frontal ROI,100.0,animal,-0.017062399346176548,0.30198566670705396
Frontal ROI,100.0,nonanimal,0.6479648239712692,0.2766446052407929
Frontal ROI,101.0,animal,-0.029791322581490122,0.3051024821257964
Frontal ROI,101.0,nonanimal,0.6252770952621125,0.2541762812890583
Frontal ROI,102.0,animal,-0.039828714096979044,0.30771578587247983
Frontal ROI,102.0,nonanimal,0.5925309703237739,0.2405560804070264
Frontal ROI,103.0,animal,-0.049517792102706196,0.3091688492390927
Frontal ROI,103.0,nonanimal,0.556528030894786,0.23505868173570985
Frontal ROI,104.0,animal,-0.06305583643956252,0.30820920780829747
Frontal ROI,104.0,nonanimal,0.5251676101661455,0.2360761237165948
Frontal ROI,105.0,animal,-0.0850962725717309,0.3036128645320522
Frontal ROI,105.0,nonanimal,0.5045428491431798,0.2432390667918202
Frontal ROI,106.0,animal,-0.1187186683325701,0.29499330652315436
Frontal ROI,106.0,nonanimal,0.49640317091231345,0.25590273011209724
Frontal ROI,107.0,animal,-0.1635942136491942,0.2834216046280998
Frontal ROI,107.0,nonanimal,0.49720822702180023,0.27026561837647733
Frontal ROI,108.0,animal,-0.21521400062466425,0.27143193799895754
Frontal ROI,108.0,nonanimal,0.49937741829975135,0.2795170459063257
Frontal ROI,109.0,animal,-0.2656682593094308,0.2621169031668351
Frontal ROI,109.0,nonanimal,0.4943441897546565,0.2772332103390338
Frontal ROI,110.0,animal,-0.3058184186349147,0.257511405077585
Frontal ROI,110.0,nonanimal,0.4761559194852739,0.26093077878578985
Frontal ROI,111.0,animal,-0.3281081303379222,0.2572841113800991
Frontal ROI,111.0,nonanimal,0.44410112921756284,0.23364070851875263
Frontal ROI,112.0,animal,-0.32897868414218423,0.2589003062344359
Frontal ROI,112.0,nonanimal,0.4033177965869211,0.20285307785129675
Frontal ROI,113.0,animal,-0.30999477963156935,0.2591508095231465
Frontal ROI,113.0,nonanimal,0.36321108025062887,0.1768388749109818
Frontal ROI,114.0,animal,-0.27726380612024304,0.2558442456999437
Frontal ROI,114.0,nonanimal,0.3343446939085182,0.16017197455599128
Frontal ROI,115.0,animal,-0.23935112782957177,0.24875397982233075
Frontal ROI,115.0,nonanimal,0.32495414309550974,0.15358406936680116
Frontal ROI,116.0,animal,-0.2044359582110764,0.23956447465576766
Frontal ROI,116.0,nonanimal,0.3382643128238358,0.1589207218620294
Frontal ROI,117.0,animal,-0.17774356763533286,0.23089020719405887
Frontal ROI,117.0,nonanimal,0.3714430208295543,0.17918028657932242
Frontal ROI,118.0,animal,-0.16022190561367095,0.22484968828340107
Frontal ROI,118.0,nonanimal,0.41644563918664357,0.2116383010499303
Frontal ROI,119.0,animal,-0.14900615082306073,0.22224392395226011
Frontal ROI,119.0,nonanimal,0.462419761635317,0.24708391754189352
Frontal ROI,120.0,animal,-0.13952877356044555,0.2231046148828055
Frontal ROI,120.0,nonanimal,0.4989297138854683,0.2758468215760361
Frontal ROI,121.0,animal,-0.12841618276330372,0.22781545771644
Frontal ROI,121.0,nonanimal,0.5190725171251769,0.2923803273403282
Frontal ROI,122.0,animal,-0.11586962870221593,0.23710448092999253
Frontal ROI,122.0,nonanimal,0.5215825662760536,0.2967141830698472
Frontal ROI,123.0,animal,-0.10634043215825666,0.250613493783816
Frontal ROI,123.0,nonanimal,0.5112508068800692,0.29343671369106616
Frontal ROI,124.0,animal,-0.1070254012672193,0.2658878380739855
Frontal ROI,124.0,nonanimal,0.49745070515357553,0.2886808182592747
Frontal ROI,125.0,animal,-0.12473466595622958,0.27932067259937443
Frontal ROI,125.0,nonanimal,0.4912040669777392,0.286644878422419
Frontal ROI,126.0,animal,-0.1625063605052079,0.28820323796970476
Frontal ROI,126.0,nonanimal,0.5017767853882128,0.2882804347612096
Frontal ROI,127.0,animal,-0.21752217065465468,0.29209838048911896
Frontal ROI,127.0,nonanimal,0.5339760182650499,0.29281198762845223
Frontal ROI,128.0,animal,-0.28131805118588316,0.29268610234423
Frontal ROI,128.0,nonanimal,0.5869762915818395,0.2994344769290583
Frontal ROI,129.0,animal,-0.3422533937879008,0.29235965131163927
Frontal ROI,129.0,nonanimal,0.6548700172871439,0.30726709660082824
Frontal ROI,130.0,animal,-0.3892148581107848,0.2926349174792455
Frontal ROI,130.0,nonanimal,0.7285424364056425,0.3148567045944362
Frontal ROI,131.0,animal,-0.4150406925745537,0.29357378650002985
Frontal ROI,131.0,nonanimal,0.7981632332765567,0.32100984457882625
Frontal ROI,132.0,animal,-0.41836742786303044,0.29450819998960337
Frontal ROI,132.0,nonanimal,0.8555732655877758,0.3263958011572774
Frontal ROI,133.0,animal,-0.4033612317065349,0.29518528496590213
Frontal ROI,133.0,nonanimal,0.896043738596747,0.3338624394667039
Frontal ROI,134.0,animal,-0.3776866404281146,0.2963114734282184
Frontal ROI,134.0,nonanimal,0.9191663943331108,0.34650563911481724
Frontal ROI,135.0,animal,-0.3496722983563547,0.2991854102852174
Frontal ROI,135.0,nonanimal,0.9288872145487634,0.36512531978901835
Frontal ROI,136.0,animal,-0.32574273647445556,0.3047904817070521
Frontal ROI,136.0,nonanimal,0.9328163497910449,0.38776836478354326
Frontal ROI,137.0,animal,-0.30887646431403404,0.31299399188282534
Frontal ROI,137.0,nonanimal,0.9409274766758896,0.41154407494644896
Frontal ROI,138.0,animal,-0.2983569438856827,0.3223192842876344
Frontal ROI,138.0,nonanimal,0.963735922246148,0.43443282421536494
Frontal ROI,139.0,animal,-0.2906509853622613,0.3302944895406683
Frontal ROI,139.0,nonanimal,1.0101419911665963,0.4556805412172774
Frontal ROI,140.0,animal,-0.2810021711434028,0.3340956574408562
Frontal ROI,140.0,nonanimal,1.085334935249199,0.47522935410025624
Frontal ROI,141.0,animal,-0.26525294962524815,0.3312742987348747
Frontal ROI,141.0,nonanimal,1.189305477887532,0.4931836916747741
Frontal ROI,142.0,animal,-0.24143409450757208,0.3204991248568553
Frontal ROI,142.0,nonanimal,1.3164616588028373,0.5098077148236978
Frontal ROI,143.0,animal,-0.21072273791013937,0.3022175759009191
Frontal ROI,143.0,nonanimal,1.456567393419761,0.5259040973283227
Frontal ROI,144.0,animal,-0.1774721936081781,0.2790054744745549
Frontal ROI,144.0,nonanimal,1.5968434489715757,0.543098651859512
Frontal ROI,145.0,animal,-0.14820199511233745,0.25526759452787057
Frontal ROI,145.0,nonanimal,1.724732369190819,0.5635694418541574
Frontal ROI,146.0,animal,-0.12971800994570487,0.2360084757002078
Frontal ROI,146.0,nonanimal,1.830613350890118,0.5890848828489654
Frontal ROI,147.0,animal,-0.12683646170414326,0.224912291956753
Frontal ROI,147.0,nonanimal,1.90970532377229,0.6198106013531668
Frontal ROI,148.0,animal,-0.1403942880741808,0.2229668917563778
Frontal ROI,148.0,nonanimal,1.9625740834002037,0.6537489410165833
Frontal ROI,149.0,animal,-0.1662356887144137,0.22877030342974825
Frontal ROI,149.0,nonanimal,1.994090307912352,0.6872980049670184
Frontal ROI,150.0,animal,-0.1956493697769907,0.23962069907454772
Frontal ROI,150.0,nonanimal,2.011271257428688,0.7165475288720905
Frontal ROI,151.0,animal,-0.21732597696377876,0.252003420209046
Frontal ROI,151.0,nonanimal,2.0208753104036,0.7384937399900066
Frontal ROI,152.0,animal,-0.2204097596012169,0.26196927982768714
Frontal ROI,152.0,nonanimal,2.027621372085805,0.751619217190654
Frontal ROI,153.0,animal,-0.19778553954573785,0.266297878540145
Frontal ROI,153.0,nonanimal,2.033493172045407,0.755807530887726
Frontal ROI,154.0,animal,-0.14854703475803194,0.26400978109537676
Frontal ROI,154.0,nonanimal,2.0380734285845756,0.75193563046894
Frontal ROI,155.0,animal,-0.07875942711394586,0.257063421398628
Frontal ROI,155.0,nonanimal,2.039571974210161,0.7415493794999122
Frontal ROI,156.0,animal,-0.00014883222320179467,0.2493891756525757
Frontal ROI,156.0,nonanimal,2.036190381504059,0.7267706085198361
Frontal ROI,157.0,animal,0.07294338547560761,0.24437727413468222
Frontal ROI,157.0,nonanimal,2.0275140909917315,0.7102233184391367
Frontal ROI,158.0,animal,0.12740358610352404,0.2424981018056338
Frontal ROI,158.0,nonanimal,2.015563443744918,0.6946692613317609
Frontal ROI,159.0,animal,0.15479052643433566,0.24127800345308392
Frontal ROI,159.0,nonanimal,2.005063304707257,0.6824035557837307
Frontal ROI,160.0,animal,0.1533720238906953,0.23749464899799363
Frontal ROI,160.0,nonanimal,2.00260306460942,0.6749258772691007
Frontal ROI,161.0,animal,0.12825831818968506,0.22929776531966464
Frontal ROI,161.0,nonanimal,2.0147291796311557,0.6732554481243528
Frontal ROI,162.0,animal,0.08975626240324629,0.21692604404720142
Frontal ROI,162.0,nonanimal,2.045495071567121,0.678400327896543
Frontal ROI,163.0,animal,0.05057781982293945,0.20231451427291453
Frontal ROI,163.0,nonanimal,2.0943370399922414,0.6910253643126056
Frontal ROI,164.0,animal,0.02278587140457431,0.1882653710809859
Frontal ROI,164.0,nonanimal,2.1551787605987154,0.7102786263839956
Frontal ROI,165.0,animal,0.015299067409937977,0.17754385961525737
Frontal ROI,165.0,nonanimal,2.217314109166523,0.7331272862808139
Frontal ROI,166.0,animal,0.03245929317693154,0.1720408041782948
Frontal ROI,166.0,nonanimal,2.2679894396367866,0.7554043394098053
Frontal ROI,167.0,animal,0.07375603457913502,0.17229058794531638
Frontal ROI,167.0,nonanimal,2.2959371527222343,0.774005867150079
Frontal ROI,168.0,animal,0.13449269262527316,0.1776337409459357
Frontal ROI,168.0,nonanimal,2.2947164544944156,0.7885040061034769
Frontal ROI,169.0,animal,0.20706895388732902,0.18669224660605163
Frontal ROI,169.0,nonanimal,2.264781803255844,0.8009882583427569
Frontal ROI,170.0,animal,0.2825714718812078,0.19755465018525925
Frontal ROI,170.0,nonanimal,2.213671033640139,0.8143664106886953
Frontal ROI,171.0,animal,0.35239439814911877,0.2077767008302033
Frontal ROI,171.0,nonanimal,2.1543431449687067,0.830471319979096
Frontal ROI,172.0,animal,0.40960254375028426,0.21478946196529958
Frontal ROI,172.0,nonanimal,2.102215745575351,0.8493201344944228
Frontal ROI,173.0,animal,0.4497856396135248,0.2168619565838351
Frontal ROI,173.0,nonanimal,2.071710924199789,0.8697361306075381
Frontal ROI,174.0,animal,0.47129882027879616,0.214118167245862
Frontal ROI,174.0,nonanimal,2.073096837772334,0.8904316708957716
Frontal ROI,175.0,animal,0.47499682635135915,0.2089173737230158
Frontal ROI,175.0,nonanimal,2.1102409564323468,0.9106076998346058
Frontal ROI,176.0,animal,0.4637262341728917,0.20515322734696434
Frontal ROI,176.0,nonanimal,2.1796799593262572,0.9298370031426474
Frontal ROI,177.0,animal,0.4418570729962439,0.20662367305727486
Frontal ROI,177.0,nonanimal,2.27121241621525,0.9476161730707486
Frontal ROI,178.0,animal,0.41500961760243493,0.2154590134566382
Frontal ROI,178.0,nonanimal,2.3699818041226957,0.9631515156119912
Frontal ROI,179.0,animal,0.38992583676734516,0.2316880075751427
Frontal ROI,179.0,nonanimal,2.4597091436301333,0.9757514082135195
Frontal ROI,180.0,animal,0.3742369537184614,0.2537493034048674
Frontal ROI,180.0,nonanimal,2.5263702373470918,0.9857204540244019
Frontal ROI,181.0,animal,0.37580773835022735,0.2790912372045411
Frontal ROI,181.0,nonanimal,2.5613650877643503,0.9950845910190043
Frontal ROI,182.0,animal,0.40147244235773416,0.3047761031235141
Frontal ROI,182.0,nonanimal,2.563284459034608,1.0072592353874836
Frontal ROI,183.0,animal,0.45530090136379825,0.3282688123674996
Frontal ROI,183.0,nonanimal,2.5378075436355703,1.0253642631524829
Frontal ROI,184.0,animal,0.5368964312309332,0.34807460323474126
Frontal ROI,184.0,nonanimal,2.4958813065133514,1.050154747494175
Frontal ROI,185.0,animal,0.640432498366505,0.3637832924539855
Frontal ROI,185.0,nonanimal,2.4508412768724206,1.079264505800708
Frontal ROI,186.0,animal,0.7550499182179476,0.375591013054832
Frontal ROI,186.0,nonanimal,2.415317392995127,1.1084806386096215
Frontal ROI,187.0,animal,0.8668423403107897,0.38390177743474413
Frontal ROI,187.0,nonanimal,2.3986544916807686,1.133996577349429
Frontal ROI,188.0,animal,0.9620723101634612,0.3895614152622475
Frontal ROI,188.0,nonanimal,2.4053442562607072,1.1540427172214915
Frontal ROI,189.0,animal,1.0307080615733455,0.39455766626765426
Frontal ROI,189.0,nonanimal,2.434736164199637,1.169213594410976
Frontal ROI,190.0,animal,1.0690968710736197,0.40221800495434473
Frontal ROI,190.0,nonanimal,2.4820637628435107,1.1818855859672428
Frontal ROI,191.0,animal,1.0807831395308487,0.41592748437670823
Frontal ROI,191.0,nonanimal,2.540488313289534,1.1954012400906036
Frontal ROI,192.0,animal,1.0751197141753923,0.43675029259349396
Frontal ROI,192.0,nonanimal,2.6034876667734688,1.2132298960838834
Frontal ROI,193.0,animal,1.06416237451291,0.4620403968763742
Frontal ROI,193.0,nonanimal,2.6667226864178835,1.237833553417213
Frontal ROI,194.0,animal,1.0590009536263727,0.4865274838071462
Frontal ROI,194.0,nonanimal,2.7286839441706476,1.2692465973457228
Frontal ROI,195.0,animal,1.0668468984037964,0.5048567149224926
Frontal ROI,195.0,nonanimal,2.7899323235937104,1.304221366785481
Frontal ROI,196.0,animal,1.0897882649022292,0.5136689591504924
Frontal ROI,196.0,nonanimal,2.851342998961992,1.3369577765913143
Frontal ROI,197.0,animal,1.1253706504944347,0.5123844703887648
Frontal ROI,197.0,nonanimal,2.9121887149161663,1.3613419375885305
Frontal ROI,198.0,animal,1.168460474733958,0.5028906901481429
Frontal ROI,198.0,nonanimal,2.968982198440849,1.3734051136111227
Frontal ROI,199.0,animal,1.2135211147666845,0.4886776770395308
Frontal ROI,199.0,nonanimal,3.015715355961669,1.3726150827415178
Frontal ROI,200.0,animal,1.2565367188057126,0.47389677887970527
Frontal ROI,200.0,nonanimal,3.0455624657126537,1.3614879741937913
Frontal ROI,201.0,animal,1.2961507534482588,0.4625573023991602
Frontal ROI,201.0,nonanimal,3.0534660604881485,1.344031596632467
Frontal ROI,202.0,animal,1.3338775511408971,0.4577790010114743
Frontal ROI,202.0,nonanimal,3.0385855609933583,1.324117874118096
Frontal ROI,203.0,animal,1.373396043591209,0.4609537800064349
Frontal ROI,203.0,nonanimal,3.0055613911331838,1.3047130810219159
Frontal ROI,204.0,animal,1.4190603744143702,0.471043694210129
Frontal ROI,204.0,nonanimal,2.9639567508225397,1.2880082832880235
Frontal ROI,205.0,animal,1.4739990715442146,0.4846860104991391
Frontal ROI,205.0,nonanimal,2.9259246915272423,1.2756143049998958
Frontal ROI,206.0,animal,1.5384760581095276,0.4975058779011293
Frontal ROI,206.0,nonanimal,2.902826301709373,1.2681065347886207
Frontal ROI,207.0,animal,1.609294873284903,0.506111949461073
Frontal ROI,207.0,nonanimal,2.901904358280812,1.2643188213678518
Frontal ROI,208.0,animal,1.6807084917511026,0.5096364704829943
Frontal ROI,208.0,nonanimal,2.924058232508837,1.261513142839079
Frontal ROI,209.0,animal,1.7465857595636298,0.5098720976638783
Frontal ROI,209.0,nonanimal,2.9633523751998347,1.256791463928458
Frontal ROI,210.0,animal,1.8028615795097547,0.5098815581518282
Frontal ROI,210.0,nonanimal,3.0083497550693634,1.2487219391128996
Frontal ROI,211.0,animal,1.8490188532749126,0.5120289603857658
Frontal ROI,211.0,nonanimal,3.0448765665252546,1.2378720752344707
Frontal ROI,212.0,animal,1.8877650757700004,0.5168804134660526
Frontal ROI,212.0,nonanimal,3.059483497960557,1.2260337432212722
Frontal ROI,213.0,animal,1.9230091789149022,0.5235803994868704
Frontal ROI,213.0,nonanimal,3.042703199266124,1.2150909032604382
Frontal ROI,214.0,animal,1.9571948779656345,0.5309505165979592
Frontal ROI,214.0,nonanimal,2.9912709637697406,1.2065221851412773
Frontal ROI,215.0,animal,1.9894469087716629,0.5383114289884997
Frontal ROI,215.0,nonanimal,2.908772337679209,1.2015567522220976
Frontal ROI,216.0,animal,2.0155750555527225,0.5457629354514032
Frontal ROI,216.0,nonanimal,2.804646663917336,1.2012318911411266
Frontal ROI,217.0,animal,2.0299853709116857,0.5540843029159278
Frontal ROI,217.0,nonanimal,2.691927193509584,1.205922153671434
Frontal ROI,218.0,animal,2.0285357857002078,0.5643090187674068
Frontal ROI,218.0,nonanimal,2.5844013870423717,1.2148121486480647
Frontal ROI,219.0,animal,2.01090210280512,0.5770608828852993
Frontal ROI,219.0,nonanimal,2.4939414299498064,1.2260544892442822
Frontal ROI,220.0,animal,1.9813028904920222,0.5920542868955293
Frontal ROI,220.0,nonanimal,2.4285958479489804,1.237657119239942
Frontal ROI,221.0,animal,1.9472647406060493,0.6081555188864386
Frontal ROI,221.0,nonanimal,2.3917116111238848,1.2484184676184504
Frontal ROI,222.0,animal,1.9170201226936683,0.6238621573079043
Frontal ROI,222.0,nonanimal,2.38202354783922,1.2583037990190253
Frontal ROI,223.0,animal,1.896693253424316,0.6376930558660839
Frontal ROI,223.0,nonanimal,2.3944554021040356,1.2682285288896842
Frontal ROI,224.0,animal,1.8884414960306288,0.6482781969213752
Frontal ROI,224.0,nonanimal,2.421383752216629,1.279537444204638
Frontal ROI,225.0,animal,1.890228670318362,0.6544397492699688
Frontal ROI,225.0,nonanimal,2.4542245677194874,1.2933750828568364
Frontal ROI,226.0,animal,1.8971778851349483,0.6555836563943335
Frontal ROI,226.0,nonanimal,2.4852515564000948,1.3100459246895055
Frontal ROI,227.0,animal,1.9038195767718284,0.6522556997077643
Frontal ROI,227.0,nonanimal,2.509415194759016,1.3286150532817655
Frontal ROI,228.0,animal,1.9062778369594746,0.6463262190425022
Frontal ROI,228.0,nonanimal,2.525650229045667,1.3471033745683245
Frontal ROI,229.0,animal,1.9035958133405988,0.6404061730605575
Frontal ROI,229.0,nonanimal,2.5370184407665928,1.3633242875885792
Frontal ROI,230.0,animal,1.8978389814159695,0.6367213992385223
Frontal ROI,230.0,nonanimal,2.549329125828858,1.375899731901087
Frontal ROI,231.0,animal,1.8930903261057384,0.6362392206652759
Frontal ROI,231.0,nonanimal,2.568586148357012,1.3848107774470444
Frontal ROI,232.0,animal,1.8937890468736058,0.6386838967103161
Frontal ROI,232.0,nonanimal,2.5983172476364746,1.3911589629386842
Frontal ROI,233.0,animal,1.9030127923395628,0.6432282244726811
Frontal ROI,233.0,nonanimal,2.6380243250036797,1.3963434655713103
Frontal ROI,234.0,animal,1.9212709116542985,0.6490745063328683
Frontal ROI,234.0,nonanimal,2.683476015530489,1.4011844341581419
Frontal ROI,235.0,animal,1.9461853519249792,0.6554864084690867
Frontal ROI,235.0,nonanimal,2.728621511858386,1.4054569695229038
Frontal ROI,236.0,animal,1.9731243931557807,0.6615495340076356
Frontal ROI,236.0,nonanimal,2.768091325720231,1.4079959787103418
Frontal ROI,237.0,animal,1.9965291904652092,0.6661626798767254
Frontal ROI,237.0,nonanimal,2.7990338945297975,1.4072766410921786
Frontal ROI,238.0,animal,2.011451554111504,0.668380028970148
Frontal ROI,238.0,nonanimal,2.8215091288458547,1.402257418165341
Frontal ROI,239.0,animal,2.0147843719896206,0.6678132358599319
Frontal ROI,239.0,nonanimal,2.837497937455677,1.3931435515740083
Frontal ROI,240.0,animal,2.00580577634993,0.6648022926594828
Frontal ROI,240.0,nonanimal,2.8492843720027965,1.3815960791857314
Frontal ROI,241.0,animal,1.9859223521256566,0.6603206468016385
Frontal ROI,241.0,nonanimal,2.858162974054149,1.370075696939578
Frontal ROI,242.0,animal,1.9577894824860802,0.6557313709464653
Frontal ROI,242.0,nonanimal,2.8640955742257352,1.3606200576397416
Frontal ROI,243.0,animal,1.924193537744559,0.6524809235627026
Frontal ROI,243.0,nonanimal,2.866312987808466,1.3539418047047131
Frontal ROI,244.0,animal,1.887121303856409,0.6517882230924454
Frontal ROI,244.0,nonanimal,2.8642929446232492,1.349543587851854
Frontal ROI,245.0,animal,1.8473095124714978,0.6544150409257098
Frontal ROI,245.0,nonanimal,2.8583375209501707,1.346577108142071
Frontal ROI,246.0,animal,1.8043582543922707,0.6605503765564859
Frontal ROI,246.0,nonanimal,2.849270435396791,1.3444834143806852
Frontal ROI,247.0,animal,1.7572981689584064,0.6697101875059837
Frontal ROI,247.0,nonanimal,2.8374236551678758,1.3428444566524604
Frontal ROI,248.0,animal,1.705395460479065,0.6805979567005983
Frontal ROI,248.0,nonanimal,2.821675133969579,1.340834386376903
Frontal ROI,249.0,animal,1.648944691330423,0.6911265897249341
Frontal ROI,249.0,nonanimal,2.799392493494177,1.3370757153529238
Frontal ROI,250.0,animal,1.5898126704483668,0.6988727260382119
Frontal ROI,250.0,nonanimal,2.767601327268808,1.3302226513582374
Frontal ROI,251.0,animal,1.5315210618543325,0.7018829870251541
Frontal ROI,251.0,nonanimal,2.7248787477734786,1.319838107599269
Frontal ROI,252.0,animal,1.478715295590837,0.6993329646688569
Frontal ROI,252.0,nonanimal,2.672906378412058,1.3068719021680555
Frontal ROI,253.0,animal,1.4360171626198075,0.6915496311026567
Frontal ROI,253.0,nonanimal,2.6167112731379754,1.2934180327430564
Frontal ROI,254.0,animal,1.4065077874741436,0.6793895454435861
Frontal ROI,254.0,nonanimal,2.5633063661884234,1.2819944507624603
Frontal ROI,255.0,animal,1.3903505220788774,0.6635228036062819
Frontal ROI,255.0,nonanimal,2.5192631319184278,1.27482106464452
Frontal ROI,256.0,animal,1.384150270489679,0.6442753717760487
Frontal ROI,256.0,nonanimal,2.4882602042601953,1.273312318594693
Frontal ROI,257.0,animal,1.3814282452553672,0.6221490325202992
Frontal ROI,257.0,nonanimal,2.4696416904914313,1.2776317554782917
Frontal ROI,258.0,animal,1.3741561262115956,0.5984502574617403
Frontal ROI,258.0,nonanimal,2.4585839423264497,1.2861999886699553
Frontal ROI,259.0,animal,1.354870359459203,0.5753325732285139
Frontal ROI,259.0,nonanimal,2.447823758710646,1.2954611300664935
Frontal ROI,260.0,animal,1.3186988864606757,0.5551263439037594
Frontal ROI,260.0,nonanimal,2.4302564054380307,1.300432345198724
Frontal ROI,261.0,animal,1.264728497247903,0.5395237902195645
Frontal ROI,261.0,nonanimal,2.4013545214653216,1.2962151519130056
Frontal ROI,262.0,animal,1.1964204490564512,0.5292879340900773
Frontal ROI,262.0,nonanimal,2.360456622888641,1.279977422661342
Frontal ROI,263.0,animal,1.121055943365908,0.5245109343232949
Frontal ROI,263.0,nonanimal,2.3105146023506853,1.2524476581423263
Frontal ROI,264.0,animal,1.0483610023694563,0.5248178149763856
Frontal ROI,264.0,nonanimal,2.256594021544232,1.2180433142641922
Frontal ROI,265.0,animal,0.9885227555488612,0.5291319755927372
Frontal ROI,265.0,nonanimal,2.203921864822895,1.1834015364298247
Frontal ROI,266.0,animal,0.9498707708365941,0.5354162672218313
Frontal ROI,266.0,nonanimal,2.1563755774138835,1.1549934034880447
Frontal ROI,267.0,animal,0.9366329598458105,0.5410589831275813
Frontal ROI,267.0,nonanimal,2.116007166340059,1.1370805511759345
Frontal ROI,268.0,animal,0.947337620135503,0.5438837254770514
Frontal ROI,268.0,nonanimal,2.0836587703010596,1.1309102052774722
Frontal ROI,269.0,animal,0.9744688978501257,0.5430070763586058
Frontal ROI,269.0,nonanimal,2.060174773623756,1.1349895495834286
Frontal ROI,270.0,animal,1.0057554973636158,0.5388424441056114
Frontal ROI,270.0,nonanimal,2.0474139799138293,1.1457094429684183
Frontal ROI,271.0,animal,1.0269781886938951,0.5323179558264697
Frontal ROI,271.0,nonanimal,2.0483680547597762,1.1580335597887739
Frontal ROI,272.0,animal,1.025620007117708,0.5240830446947733
Frontal ROI,272.0,nonanimal,2.066160180097708,1.166531750414673
Frontal ROI,273.0,animal,0.9943026896790494,0.514419545548729
Frontal ROI,273.0,nonanimal,2.1022500783251785,1.1668668243942006
Frontal ROI,274.0,animal,0.9329337321367006,0.5037736883698246
Frontal ROI,274.0,nonanimal,2.1545676459932124,1.1572635671906581
Frontal ROI,275.0,animal,0.8488286978582034,0.49316086076584564
Frontal ROI,275.0,nonanimal,2.216391424835925,1.1391844313223143
Frontal ROI,276.0,animal,0.7546849985519621,0.4839049248311441
Frontal ROI,276.0,nonanimal,2.2766052415284026,1.1166572739485712
Frontal ROI,277.0,animal,0.6649883376452139,0.4769746533123703
Frontal ROI,277.0,nonanimal,2.3215503924428407,1.0943789731034637
Frontal ROI,278.0,animal,0.59198924556875,0.4726601717374788
Frontal ROI,278.0,nonanimal,2.338142696024369,1.0756066616171451
Frontal ROI,279.0,animal,0.5425506321148935,0.4709327304098999
Frontal ROI,279.0,nonanimal,2.3173972305096147,1.0612270438720344
Frontal ROI,280.0,animal,0.51682441934947,0.47199142861583215
Frontal ROI,280.0,nonanimal,2.257228833849752,1.050521501013535
Frontal ROI,281.0,animal,0.5090085662093802,0.4762392047585176
Frontal ROI,281.0,nonanimal,2.1635316206942163,1.0426365819327632
Frontal ROI,282.0,animal,0.509700508586454,0.4835913007514855
Frontal ROI,282.0,nonanimal,2.0490676356294477,1.0373154618476756
Frontal ROI,283.0,animal,0.5089110130244777,0.4928563057398086
Frontal ROI,283.0,nonanimal,1.9303825957564453,1.0345102451912975
Frontal ROI,284.0,animal,0.49875722889969226,0.501947445440778
Frontal ROI,284.0,nonanimal,1.8235577244986427,1.0337334619772007
Frontal ROI,285.0,animal,0.47512972958348687,0.5088548176957324
Frontal ROI,285.0,nonanimal,1.7399556940296876,1.03406333774752
Frontal ROI,286.0,animal,0.4380476175504449,0.5126443167959411
Frontal ROI,286.0,nonanimal,1.6831890960645253,1.0347104760734072
Frontal ROI,287.0,animal,0.3908292882076479,0.5138241728788812
Frontal ROI,287.0,nonanimal,1.6482788586333665,1.0352770235206519
Frontal ROI,288.0,animal,0.3384892916416556,0.5138672893117853
Frontal ROI,288.0,nonanimal,1.6233548281699648,1.035208629659908
Frontal ROI,289.0,animal,0.2859175156060164,0.5141403113069746
Frontal ROI,289.0,nonanimal,1.59340742223945,1.0329675548514012
Frontal ROI,290.0,animal,0.2364047675928811,0.5149032077778537
Frontal ROI,290.0,nonanimal,1.5448898277098237,1.0259471619643319
Frontal ROI,291.0,animal,0.1909564893901481,0.5151276662006223
Frontal ROI,291.0,nonanimal,1.4697021546682727,1.0115198944200985
Frontal ROI,292.0,animal,0.1485706793619857,0.5133073319119699
Frontal ROI,292.0,nonanimal,1.3673810439784462,0.9885739969858746
Frontal ROI,293.0,animal,0.10729416840821082,0.5086217889914378
Frontal ROI,293.0,nonanimal,1.2449846114755545,0.9584982895422347
Frontal ROI,294.0,animal,0.06556295242210619,0.5015983382513545
Frontal ROI,294.0,nonanimal,1.1149004834849898,0.9250263720966858
Frontal ROI,295.0,animal,0.023240501033928072,0.4939091480264716
Frontal ROI,295.0,nonanimal,0.991367502137998,0.8930960210958266
Frontal ROI,296.0,animal,-0.01806374611016932,0.4875925125357014
Frontal ROI,296.0,nonanimal,0.8867554141982037,0.8673952239094391
Frontal ROI,297.0,animal,-0.05548831648315762,0.48428409377797405
Frontal ROI,297.0,nonanimal,0.8086066858578175,0.8513338823656937
Frontal ROI,298.0,animal,-0.08599404611671475,0.4848320846318785
Frontal ROI,298.0,nonanimal,0.7581496553261925,0.8468009793054654
Frontal ROI,299.0,animal,-0.10758197012752076,0.489229110414678
Frontal ROI,299.0,nonanimal,0.7305455683357224,0.8544900441435321
Frontal ROI,300.0,animal,-0.12018157710008366,0.49663896307090977
Frontal ROI,300.0,nonanimal,0.7166461544380386,0.874200789263587
Frontal ROI,301.0,animal,-0.1258693454469241,0.5055253499382241
Frontal ROI,301.0,nonanimal,0.7056820965872461,0.9046362319387263
Frontal ROI,302.0,animal,-0.128338957353295,0.5140249176925986
Frontal ROI,302.0,nonanimal,0.6881441455666477,0.9427868442252044
Frontal ROI,303.0,animal,-0.13183925847639927,0.5204810796985349
Frontal ROI,303.0,nonanimal,0.6581228532196605,0.983621339368376
Frontal ROI,304.0,animal,-0.1399861630241726,0.5238344877502549
Frontal ROI,304.0,nonanimal,0.6144820975442074,1.0208283618121097
Frontal ROI,305.0,animal,-0.15485353812962543,0.5236954951553611
Frontal ROI,305.0,nonanimal,0.5604797214850425,1.0486021336972924
Frontal ROI,306.0,animal,-0.17658975478339178,0.5202354463645206
Frontal ROI,306.0,nonanimal,0.5019054288546045,1.063619632528113
Frontal ROI,307.0,animal,-0.203579633495647,0.5141456102526254
Frontal ROI,307.0,nonanimal,0.444370314933339,1.0661373476287737
Frontal ROI,308.0,animal,-0.23298711034698977,0.5067101806492382
Frontal ROI,308.0,nonanimal,0.39077397226560684,1.059634383354868
Frontal ROI,309.0,animal,-0.26142841328643535,0.4997927608678225
Frontal ROI,309.0,nonanimal,0.3399163299153997,1.049272575713274
Frontal ROI,310.0,animal,-0.28558051242686816,0.49556827674404835
Frontal ROI,310.0,nonanimal,0.2867504321501925,1.0401148800942848
Frontal ROI,311.0,animal,-0.3026758738795937,0.49612496663558187
Frontal ROI,311.0,nonanimal,0.22417121382893232,1.0360094737565984
Frontal ROI,312.0,animal,-0.3109725836392632,0.5032122241550344
Frontal ROI,312.0,nonanimal,0.14576006762869934,1.0392729323579093
Frontal ROI,313.0,animal,-0.31029423957320357,0.5181065077762146
Frontal ROI,313.0,nonanimal,0.0486233223336233,1.0506296001176998
Frontal ROI,314.0,animal,-0.3025741597154376,0.5412081196881303
Frontal ROI,314.0,nonanimal,-0.06465108338230638,1.0690964901684534
Frontal ROI,315.0,animal,-0.2921095249879722,0.5712981422068424
Frontal ROI,315.0,nonanimal,-0.18578504458778072,1.0921850763395644
Frontal ROI,316.0,animal,-0.2851282137590963,0.6051314208228173
Frontal ROI,316.0,nonanimal,-0.3027523275745001,1.1168046616551877
Frontal ROI,317.0,animal,-0.28844145703482693,0.6380356891952748
Frontal ROI,317.0,nonanimal,-0.40344350864220085,1.1405473283995455
Frontal ROI,318.0,animal,-0.3073962931067294,0.6652844252873443
Frontal ROI,318.0,nonanimal,-0.4797657648031642,1.1625484235315717
Frontal ROI,319.0,animal,-0.34382721474944167,0.6834146885385077
Frontal ROI,319.0,nonanimal,-0.5305154163277926,1.1833246502912236
Frontal ROI,320.0,animal,-0.3949371867727297,0.690935664012391
Frontal ROI,320.0,nonanimal,-0.5617874387313003,1.203647584303131
Frontal ROI,321.0,animal,-0.45379908554377035,0.6884274578255755
Frontal ROI,321.0,nonanimal,-0.5847187925639219,1.2232234411810923
Frontal ROI,322.0,animal,-0.5115165582650093,0.6782617041423531
Frontal ROI,322.0,nonanimal,-0.6114778498246987,1.2402213917452167
Frontal ROI,323.0,animal,-0.560312880308454,0.6640593666082542
Frontal ROI,323.0,nonanimal,-0.6510870526814472,1.25209622864852
Frontal ROI,324.0,animal,-0.5963170755887307,0.649863393013884
Frontal ROI,324.0,nonanimal,-0.7066430381019411,1.257084125878627
Frontal ROI,325.0,animal,-0.6208702299852777,0.6390993979277091
Frontal ROI,325.0,nonanimal,-0.7748348632987078,1.255267427563972
Frontal ROI,326.0,animal,-0.6398042930383879,0.6336646397495549
Frontal ROI,326.0,nonanimal,-0.8476850856459665,1.2486082289604672
Frontal ROI,327.0,animal,-0.661060353246006,0.6335941963080681
Frontal ROI,327.0,nonanimal,-0.9156282184015728,1.2401847791557465
Frontal ROI,328.0,animal,-0.6917194230355068,0.637484311229708
Frontal ROI,328.0,nonanimal,-0.9707295924734727,1.2332447509116224
Frontal ROI,329.0,animal,-0.7356521905162988,0.6434021423980296
Frontal ROI,329.0,nonanimal,-1.009076218701991,1.2304503247570768
Frontal ROI,330.0,animal,-0.7925547868687093,0.6497629925838686
Frontal ROI,330.0,nonanimal,-1.0318587846761804,1.233282752717956
Frontal ROI,331.0,animal,-0.8584531057375878,0.6557518231536458
Frontal ROI,331.0,nonanimal,-1.0451096094658745,1.2415075037373824
Frontal ROI,332.0,animal,-0.9272242593390437,0.6611891507067488
Frontal ROI,332.0,nonanimal,-1.0583248344163438,1.2528793586722047
Frontal ROI,333.0,animal,-0.9924758612281398,0.6660980567545647
Frontal ROI,333.0,nonanimal,-1.082332582203081,1.263444177276927
Frontal ROI,334.0,animal,-1.0491962997261666,0.670377859633799
Frontal ROI,334.0,nonanimal,-1.1268485479915789,1.2685693796784234
Frontal ROI,335.0,animal,-1.094789571236873,0.6737952425512764
Frontal ROI,335.0,nonanimal,-1.1981952876895359,1.2644209792020646
Frontal ROI,336.0,animal,-1.1293417247818607,0.6761693864426263
Frontal ROI,336.0,nonanimal,-1.2976411562692767,1.2493491012623803
Frontal ROI,337.0,animal,-1.1551800132837475,0.6775079242035138
Frontal ROI,337.0,nonanimal,-1.4207313815342892,1.2246446111224052
Frontal ROI,338.0,animal,-1.1759503669004925,0.6780129698230214
Frontal ROI,338.0,nonanimal,-1.5578159986510023,1.1943091045107523
Frontal ROI,339.0,animal,-1.1955065724563876,0.6780381690023679
Frontal ROI,339.0,nonanimal,-1.6957441170134797,1.1638374841758155
Frontal ROI,340.0,animal,-1.2168840721613932,0.6780456349149516
Frontal ROI,340.0,nonanimal,-1.8204254297332827,1.1385224430760448
Frontal ROI,341.0,animal,-1.2415811345196919,0.6785168456677823
Frontal ROI,341.0,nonanimal,-1.9197516340886238,1.1221208496484263
Frontal ROI,342.0,animal,-1.2693214069573817,0.6798038938927496
Frontal ROI,342.0,nonanimal,-1.986254616473688,1.1163939595342116
Frontal ROI,343.0,animal,-1.2984038212806484,0.6820182013541778
Frontal ROI,343.0,nonanimal,-2.01886867390444,1.121237805983831
Frontal ROI,344.0,animal,-1.3265856003780097,0.6850570487880586
Frontal ROI,344.0,nonanimal,-2.023286387919705,1.134858748438063
Frontal ROI,345.0,animal,-1.352210513003677,0.688731400167139
Frontal ROI,345.0,nonanimal,-2.010695563928674,1.154079172814938
Frontal ROI,346.0,animal,-1.3751019917130871,0.6928632238413911
Frontal ROI,346.0,nonanimal,-1.9951015781891208,1.175272188653885
Frontal ROI,347.0,animal,-1.3967739653157771,0.6972972502070114
Frontal ROI,347.0,nonanimal,-1.9898581508721638,1.1957745019538604
Frontal ROI,348.0,animal,-1.4198064046799757,0.7019093279422591
Frontal ROI,348.0,nonanimal,-2.004308076568926,1.214795076550303
Frontal ROI,349.0,animal,-1.4466745802960577,0.7066753818145245
Frontal ROI,349.0,nonanimal,-2.0414851996681436,1.233075451363624
Frontal ROI,350.0,animal,-1.4786366738468044,0.7116989524442399
Frontal ROI,350.0,nonanimal,-2.0975745622466615,1.2517226377538253
Frontal ROI,351.0,animal,-1.515265920346097,0.7170485042241114
Frontal ROI,351.0,nonanimal,-2.1632894718931914,1.2713911691214563
Frontal ROI,352.0,animal,-1.5548357727807431,0.7224678752339195
Frontal ROI,352.0,nonanimal,-2.226686576078061,1.2923957408030464
Frontal ROI,353.0,animal,-1.5952647066894863,0.727260869387304
Frontal ROI,353.0,nonanimal,-2.2764761688697055,1.31509810332214
Frontal ROI,354.0,animal,-1.6350198868441015,0.7305766700314905
Frontal ROI,354.0,nonanimal,-2.3048188244239642,1.3396152050848076
Frontal ROI,355.0,animal,-1.673453222758722,0.7319501506929436
Frontal ROI,355.0,nonanimal,-2.3089141484155653,1.364892805805715
Frontal ROI,356.0,animal,-1.7104287297806031,0.7316937084107246
Frontal ROI,356.0,nonanimal,-2.2911893008480235,1.3881615298051553
Frontal ROI,357.0,animal,-1.7455389818551879,0.7308787960807487
Frontal ROI,357.0,nonanimal,-2.258323848743692,1.4055466949236326
Frontal ROI,358.0,animal,-1.7774535121314172,0.7310147503243416
Frontal ROI,358.0,nonanimal,-2.219561923958511,1.413544285621926
Frontal ROI,359.0,animal,-1.8038751302773566,0.7337122121052649
Frontal ROI,359.0,nonanimal,-2.184737690118496,1.4104495461576172
Frontal ROI,360.0,animal,-1.822260589923267,0.7404384507653592
Frontal ROI,360.0,nonanimal,-2.162317212145308,1.397053672884464
Frontal ROI,361.0,animal,-1.8310653313057597,0.7522189080726535
Frontal ROI,361.0,nonanimal,-2.1576627151279344,1.376471858524837
Frontal ROI,362.0,animal,-1.8309795935853614,0.7692178454626319
Frontal ROI,362.0,nonanimal,-2.171769850588654,1.353302960751631
Frontal ROI,363.0,animal,-1.8255649194766899,0.7904557108628153
Frontal ROI,363.0,nonanimal,-2.200834638915377,1.3324047806179922
Frontal ROI,364.0,animal,-1.8208865304186925,0.8139708830646437
Frontal ROI,364.0,nonanimal,-2.2370135676415575,1.317610223427694
Frontal ROI,365.0,animal,-1.8241030646404226,0.8373652420315617
Frontal ROI,365.0,nonanimal,-2.2704656070163862,1.310801172771787
Frontal ROI,366.0,animal,-1.841387610357455,0.8583875942167792
Frontal ROI,366.0,nonanimal,-2.2922427043616596,1.3117171189658225
Frontal ROI,367.0,animal,-1.8758617195584435,0.8753492164768755
Frontal ROI,367.0,nonanimal,-2.297076396364692,1.3185395507060853
Frontal ROI,368.0,animal,-1.9263000813421822,0.8874287910978101
Frontal ROI,368.0,nonanimal,-2.2849580096236775,1.328855071668953
Frontal ROI,369.0,animal,-1.9871391193358992,0.8949114632755425
Frontal ROI,369.0,nonanimal,-2.260816793587547,1.3404534350504491
Frontal ROI,370.0,animal,-2.049850236100601,0.8991954103103248
Frontal ROI,370.0,nonanimal,-2.232403717444009,1.351662192889805
Frontal ROI,371.0,animal,-2.1052136294731163,0.9023555769812986
Frontal ROI,371.0,nonanimal,-2.20728483671813,1.361291366435522
Frontal ROI,372.0,animal,-2.145700630522844,0.9063405984678751
Frontal ROI,372.0,nonanimal,-2.190206337638906,1.3684668430499694
Frontal ROI,373.0,animal,-2.167190692408402,0.912222226749522
Frontal ROI,373.0,nonanimal,-2.1818237294726077,1.3725896437739145
Frontal ROI,374.0,animal,-2.1695933157032643,0.9199154413698265
Frontal ROI,374.0,nonanimal,-2.1790730814094847,1.3734745233534207
Frontal ROI,375.0,animal,-2.156417569776701,0.9284012582500242
Frontal ROI,375.0,nonanimal,-2.176717548202567,1.3715393640307767
Frontal ROI,376.0,animal,-2.1336758698070284,0.93613486009219
Frontal ROI,376.0,nonanimal,-2.1692286200202453,1.3678358885669797
Frontal ROI,377.0,animal,-2.1085714386921564,0.941364425346977
Frontal ROI,377.0,nonanimal,-2.152276212276216,1.3637882071710328
Frontal ROI,378.0,animal,-2.088230807409927,0.9423732690663342
Frontal ROI,378.0,nonanimal,-2.1234938835540564,1.3607178395013289
Frontal ROI,379.0,animal,-2.078531408720886,0.9378108032823219
Frontal ROI,379.0,nonanimal,-2.0825652632108915,1.3594286214751456
Frontal ROI,380.0,animal,-2.0830479502475803,0.9271734890283222
Frontal ROI,380.0,nonanimal,-2.030881713373355,1.3600908423068336
Frontal ROI,381.0,animal,-2.1023139946908285,0.9112843466060269
Frontal ROI,381.0,nonanimal,-1.971060729764534,1.3623911889185276
Frontal ROI,382.0,animal,-2.133753298392743,0.8924777886145947
Frontal ROI,382.0,nonanimal,-1.9065571866852866,1.3656897157215762
Frontal ROI,383.0,animal,-2.172528763717985,0.8742020597965677
Frontal ROI,383.0,nonanimal,-1.8414678182405229,1.369018586315082
Frontal ROI,384.0,animal,-2.213147910211943,0.8599806879596755
Frontal ROI,384.0,nonanimal,-1.780432552718045,1.3710618394247154
Frontal ROI,385.0,animal,-2.2512088849991043,0.8521272811501124
Frontal ROI,385.0,nonanimal,-1.7283636022333115,1.3704013762682328
Frontal ROI,386.0,animal,-2.2845229148870554,0.8509683453610758
Frontal ROI,386.0,nonanimal,-1.6897328191713803,1.3661137017351144
Frontal ROI,387.0,animal,-2.313148795443409,0.8550747969102571
Frontal ROI,387.0,nonanimal,-1.6674175233898225,1.3584391798245996
Frontal ROI,388.0,animal,-2.3384328405842316,0.8622239449202107
Frontal ROI,388.0,nonanimal,-1.6614896828529164,1.349056277126608
Frontal ROI,389.0,animal,-2.361605666981503,0.8703635297191652
Frontal ROI,389.0,nonanimal,-1.6685496149675259,1.3406584960611065
Frontal ROI,390.0,animal,-2.38260321736462,0.8781480370417202
Frontal ROI,390.0,nonanimal,-1.6820795528628754,1.3359752835255747
Frontal ROI,391.0,animal,-2.399583040880695,0.8851289343567792
Frontal ROI,391.0,nonanimal,-1.6938903328179897,1.336775901271861
Frontal ROI,392.0,animal,-2.4092843476095305,0.891810754898884
Frontal ROI,392.0,nonanimal,-1.6962799866641336,1.343376808790228
Frontal ROI,393.0,animal,-2.4080892800758322,0.8995758723135808
Frontal ROI,393.0,nonanimal,-1.684212111663495,1.354739878701984
Frontal ROI,394.0,animal,-2.393433612530474,0.910299980563743
Frontal ROI,394.0,nonanimal,-1.6567410045843425,1.3688669361288697
Frontal ROI,395.0,animal,-2.3650901081658033,0.9255813029576904
Frontal ROI,395.0,nonanimal,-1.6171199644950704,1.3832332369488543
Frontal ROI,396.0,animal,-2.3258400842218303,0.9458288406628437
Frontal ROI,396.0,nonanimal,-1.57148396052798,1.3952684838681104
Frontal ROI,397.0,animal,-2.281193728614208,0.9697185221770093
Frontal ROI,397.0,nonanimal,-1.5265731280805925,1.4029718900346881
Frontal ROI,398.0,animal,-2.238110310320974,0.9944154328454142
Frontal ROI,398.0,nonanimal,-1.4873839361254322,1.4055439570225838
Frontal ROI,399.0,animal,-2.2030461783436106,1.0164966887474287
Frontal ROI,399.0,nonanimal,-1.4556742834576848,1.4037106037460438
Frontal ROI,400.0,animal,-2.1799776411841236,1.0330951919569145
Frontal ROI,400.0,nonanimal,-1.4298538392336249,1.3994762202550044
Frontal ROI,401.0,animal,-2.1691467325178913,1.0427377144920205
Frontal ROI,401.0,nonanimal,-1.4061699184929608,1.395364473856786
Frontal ROI,402.0,animal,-2.1670601818585356,1.0455953757116239
Frontal ROI,402.0,nonanimal,-1.3805451734501974,1.3935193756249054
Frontal ROI,403.0,animal,-2.167777383218718,1.0431570697898431
Frontal ROI,403.0,nonanimal,-1.350232590839588,1.3950867672139289
Frontal ROI,404.0,animal,-2.164966900079921,1.0375385408877407
Frontal ROI,404.0,nonanimal,-1.3146775925929508,1.4000718682074178
Frontal ROI,405.0,animal,-2.153895336542168,1.0307380404361046
Frontal ROI,405.0,nonanimal,-1.275440332989184,1.4075855364109064
Frontal ROI,406.0,animal,-2.1326188817106453,1.0241323366905637
Frontal ROI,406.0,nonanimal,-1.2354314153428867,1.4162526926937302
Frontal ROI,407.0,animal,-2.1021049231882722,1.0183642664042352
Frontal ROI,407.0,nonanimal,-1.1978543879193597,1.424593524605555
Frontal ROI,408.0,animal,-2.0655110868168833,1.0135639320492709
Frontal ROI,408.0,nonanimal,-1.16519497583506,1.4313000838941878
Frontal ROI,409.0,animal,-2.027122561558275,1.0096996271359382
Frontal ROI,409.0,nonanimal,-1.1385062249334883,1.4354001545364556
Frontal ROI,410.0,animal,-1.9914127471392749,1.0068562043009253
Frontal ROI,410.0,nonanimal,-1.1171855653377694,1.4363034342947212
Frontal ROI,411.0,animal,-1.9624722317894114,1.0053384892685187
Frontal ROI,411.0,nonanimal,-1.0993522714873298,1.4337387043148426
Frontal ROI,412.0,animal,-1.9437938005470674,1.0056018931365724
Frontal ROI,412.0,nonanimal,-1.082759422517944,1.4276502485942408
Frontal ROI,413.0,animal,-1.9382234886457759,1.0080665625200815
Frontal ROI,413.0,nonanimal,-1.065928105864625,1.4181534211706777
Frontal ROI,414.0,animal,-1.9478218171350143,1.0128963324325833
Frontal ROI,414.0,nonanimal,-1.0490138509225606,1.4055732533755319
Frontal ROI,415.0,animal,-1.9734636944568962,1.0198219723429711
Frontal ROI,415.0,nonanimal,-1.0339434824547333,1.3904927949220982
Frontal ROI,416.0,animal,-2.014212620706904,1.0280649839937628
Frontal ROI,416.0,nonanimal,-1.0236760775045777,1.3737515140208316
Frontal ROI,417.0,animal,-2.066750762372119,1.036391886330954
Frontal ROI,417.0,nonanimal,-1.0209081928401726,1.3564300285239974
Frontal ROI,418.0,animal,-2.1252837975669507,1.0433346733541076
Frontal ROI,418.0,nonanimal,-1.026872449492933,1.3398663861825304
Frontal ROI,419.0,animal,-2.1822485431351195,1.0476182894909727
Frontal ROI,419.0,nonanimal,-1.0408164957167496,1.3256294290009474
Frontal ROI,420.0,animal,-2.229845371042783,1.0487461836886725
Frontal ROI,420.0,nonanimal,-1.0603278812643058,1.3153050529400843
Frontal ROI,421.0,animal,-2.262014277334216,1.0474925345228217
Frontal ROI,421.0,nonanimal,-1.0821816014579153,1.3100673735835335
Frontal ROI,422.0,animal,-2.2761793218755075,1.0458923082090397
Frontal ROI,422.0,nonanimal,-1.103154825332897,1.3102071293719522
Frontal ROI,423.0,animal,-2.2740725967913367,1.0464634007659388
Frontal ROI,423.0,nonanimal,-1.120394947476651,1.3148686935213827
Frontal ROI,424.0,animal,-2.26124317712504,1.0509325231318356
Frontal ROI,424.0,nonanimal,-1.1313314049117738,1.3221313043526832
Frontal ROI,425.0,animal,-2.245343162861451,1.05930269193987
Frontal ROI,425.0,nonanimal,-1.1334853841606127,1.329379967129394
Frontal ROI,426.0,animal,-2.2337550911291855,1.0699978994782384
Frontal ROI,426.0,nonanimal,-1.1245977915307588,1.333815595197332
Frontal ROI,427.0,animal,-2.2313922545302822,1.0809150671636634
Frontal ROI,427.0,nonanimal,-1.1032104705309602,1.3329908443860026
Frontal ROI,428.0,animal,-2.2394464911502627,1.090435445785761
Frontal ROI,428.0,nonanimal,-1.0694267918582967,1.3253098576421438
Frontal ROI,429.0,animal,-2.2554847121002095,1.0976619147056066
Frontal ROI,429.0,nonanimal,-1.0253755069075505,1.3103886896729322
Frontal ROI,430.0,animal,-2.2747561115466537,1.102027924168991
Frontal ROI,430.0,nonanimal,-0.9750415181574269,1.289103108577693
Frontal ROI,431.0,animal,-2.2920940054863146,1.1029639575212353
Frontal ROI,431.0,nonanimal,-0.9234781524802873,1.263229423426867
Frontal ROI,432.0,animal,-2.303592097115959,1.1000288811019912
Frontal ROI,432.0,nonanimal,-0.875700861368547,1.2348352451643216
Frontal ROI,433.0,animal,-2.3073898474032317,1.0932813452129113
Frontal ROI,433.0,nonanimal,-0.835658225733388,1.2057712353582102
Frontal ROI,434.0,animal,-2.30335368829906,1.0834338017167182
Frontal ROI,434.0,nonanimal,-0.8055813002084549,1.177498517311362
Frontal ROI,435.0,animal,-2.2919746465895514,1.0716304481374594
Frontal ROI,435.0,nonanimal,-0.785836236206416,1.1511644668268752
Frontal ROI,436.0,animal,-2.2731878929557663,1.059054331680894
Frontal ROI,436.0,nonanimal,-0.7752347703796769,1.1277080303520535
Frontal ROI,437.0,animal,-2.2458821574061734,1.0466242387095628
Frontal ROI,437.0,nonanimal,-0.7716486626708947,1.1079834623509783
Frontal ROI,438.0,animal,-2.2085523188383154,1.0348870023212473
Frontal ROI,438.0,nonanimal,-0.7727284393846233,1.093026048605593
Frontal ROI,439.0,animal,-2.160935472494567,1.0240922471386567
Frontal ROI,439.0,nonanimal,-0.7764984889602216,1.0842715504427396
Frontal ROI,440.0,animal,-2.1058172592077753,1.0143909089340415
Frontal ROI,440.0,nonanimal,-0.7816110299330832,1.083196621664006
Frontal ROI,441.0,animal,-2.049875580573949,1.006043176956013
Frontal ROI,441.0,nonanimal,-0.7871455023155993,1.0902614620308324
Frontal ROI,442.0,animal,-2.0027125568215305,0.9994777516390442
Frontal ROI,442.0,nonanimal,-0.7920832091028653,1.103995164839133
Frontal ROI,443.0,animal,-1.9740412064108892,0.9951071469916588
Frontal ROI,443.0,nonanimal,-0.794822771700266,1.1212264318778045
Frontal ROI,444.0,animal,-1.9699434137912437,0.9929579730254775
Frontal ROI,444.0,nonanimal,-0.793137009693362,1.1383432978458135
Frontal ROI,445.0,animal,-1.9896994170015208,0.9923260817692208
Frontal ROI,445.0,nonanimal,-0.7847148823028086,1.152513229726596
Frontal ROI,446.0,animal,-2.0246184765578894,0.9917264289560008
Frontal ROI,446.0,nonanimal,-0.7680464201593793,1.162180219999229
Frontal ROI,447.0,animal,-2.0596217697540093,0.9893082801169908
Frontal ROI,447.0,nonanimal,-0.7431755258592309,1.1670623515405232
Frontal ROI,448.0,animal,-2.07732246380188,0.9836547948255143
Frontal ROI,448.0,nonanimal,-0.7119332275167588,1.1680542920892039
Frontal ROI,449.0,animal,-2.06338590040638,0.9746008972787188
Frontal ROI,449.0,nonanimal,-0.6775889569824404,1.1669814857525014
Frontal ROI,450.0,animal,-2.0113839975776013,0.9635764098637233
Frontal ROI,450.0,nonanimal,-0.6441563237027147,1.1659917546777403
Frontal ROI,451.0,animal,-1.925408139198515,0.9531443030846953
Frontal ROI,451.0,nonanimal,-0.6156445786324239,1.166775258807354
Frontal ROI,452.0,animal,-1.81939751704531,0.9458556026202365
Frontal ROI,452.0,nonanimal,-0.5953500366075886,1.1700807757120968
Frontal ROI,453.0,animal,-1.7132610788389393,0.9430627938685715
Frontal ROI,453.0,nonanimal,-0.5850692591749574,1.1756536351562097
Frontal ROI,454.0,animal,-1.627032831682918,0.9444553688992384
Frontal ROI,454.0,nonanimal,-0.5841478909733719,1.1823178469983122
Frontal ROI,455.0,animal,-1.5750404060515408,0.9485338912128212
Frontal ROI,455.0,nonanimal,-0.5885712956642324,1.1881064508177996
Frontal ROI,456.0,animal,-1.562062186601374,0.9535099219536742
Frontal ROI,456.0,nonanimal,-0.5906401972959059,1.1906962380786363
Frontal ROI,457.0,animal,-1.5826772978117818,0.9579639507351041
Frontal ROI,457.0,nonanimal,-0.5798164214240423,1.1882219073444413
Frontal ROI,458.0,animal,-1.6237953406175305,0.9610434623965666
Frontal ROI,458.0,nonanimal,-0.5449556184006332,1.180073667869548
Frontal ROI,459.0,animal,-1.669230537063579,0.9624092411056464
Frontal ROI,459.0,nonanimal,-0.47749965783550713,1.1672681369526785
Frontal ROI,460.0,animal,-1.7045890043293592,0.9621615653646995
Frontal ROI,460.0,nonanimal,-0.3746220479505258,1.152419599799334
Frontal ROI,461.0,animal,-1.7208509337635598,0.9607619371276939
Frontal ROI,461.0,nonanimal,-0.24113083698137056,1.1394869280165876
Frontal ROI,462.0,animal,-1.7157053058751284,0.9588571167281953
Frontal ROI,462.0,nonanimal,-0.08926312619941416,1.133028446336401
Frontal ROI,463.0,animal,-1.6926067820939437,0.9570122524059854
Frontal ROI,463.0,nonanimal,0.06377081856945903,1.1364688566809331
Frontal ROI,464.0,animal,-1.6583188094364387,0.9554782606881552
Frontal ROI,464.0,nonanimal,0.19983133069378098,1.1498747993503065
Frontal ROI,465.0,animal,-1.620105633828247,0.9540949484086414
Frontal ROI,465.0,nonanimal,0.30425061458674485,1.1691253129516503
Frontal ROI,466.0,animal,-1.5836359901632568,0.9523229090026277
Frontal ROI,466.0,nonanimal,0.3692368345517607,1.1877921907401694
Frontal ROI,467.0,animal,-1.552160078970108,0.9493648086102172
Frontal ROI,467.0,nonanimal,0.395269730419601,1.200550308390793
Frontal ROI,468.0,animal,-1.5268753876429728,0.9443736255311059
Frontal ROI,468.0,nonanimal,0.3901718127054762,1.2055863101797164
Frontal ROI,469.0,animal,-1.507897534918957,0.9367191770228661
Frontal ROI,469.0,nonanimal,0.3663488542115102,1.2046150453666589
Frontal ROI,470.0,animal,-1.4951284948207622,0.9261816743229291
Frontal ROI,470.0,nonanimal,0.337300116550444,1.201111584909903
Frontal ROI,471.0,animal,-1.4885801381176234,0.9129296928441648
Frontal ROI,471.0,nonanimal,0.3146179338973797,1.1984474857728789
Frontal ROI,472.0,animal,-1.4881643340589163,0.8973143826163534
Frontal ROI,472.0,nonanimal,0.30627115239839636,1.199195255664043
Frontal ROI,473.0,animal,-1.4932848058026462,0.8797098598330667
Frontal ROI,473.0,nonanimal,0.31623228376271495,1.2054935130778932
Frontal ROI,474.0,animal,-1.5026083593528852,0.8606031571493022
Frontal ROI,474.0,nonanimal,0.3449213089552467,1.2193728375634831
Frontal ROI,475.0,animal,-1.5142056787558325,0.8408801691776073
Frontal ROI,475.0,nonanimal,0.3898108683112204,1.2421872715465574
Frontal ROI,476.0,animal,-1.5260146409661144,0.8220049480864586
Frontal ROI,476.0,nonanimal,0.4458746875900642,1.2734046253614466
Frontal ROI,477.0,animal,-1.5363943804752602,0.8057956019331906
Frontal ROI,477.0,nonanimal,0.5060333754708207,1.3098578783360582
Frontal ROI,478.0,animal,-1.544462571593364,0.7937898891535543
Frontal ROI,478.0,nonanimal,0.5619877008062885,1.3463289137113612
Frontal ROI,479.0,animal,-1.5499736812904121,0.7865864043357256
Frontal ROI,479.0,nonanimal,0.6056600902986912,1.3772865106987298
Frontal ROI,480.0,animal,-1.552709993505051,0.7836877792499838
Frontal ROI,480.0,nonanimal,0.6310066423800101,1.3987908554025512
Frontal ROI,481.0,animal,-1.5516461828170043,0.784003972093967
Frontal ROI,481.0,nonanimal,0.6355621603007128,1.4096025293902914
Frontal ROI,482.0,animal,-1.5443695626730713,0.7865861608724141
Frontal ROI,482.0,nonanimal,0.6210435095369109,1.4111137723919518
Frontal ROI,483.0,animal,-1.5272318365103672,0.7909790170873431
Frontal ROI,483.0,nonanimal,0.5927391592363784,1.4063475192513362
Frontal ROI,484.0,animal,-1.4964233277503973,0.7969771562548766
Frontal ROI,484.0,nonanimal,0.55797777111395,1.3986572932434782
Frontal ROI,485.0,animal,-1.4496936425710014,0.8041134255215832
Frontal ROI,485.0,nonanimal,0.5243642108774959,1.3907659975338056
Frontal ROI,486.0,animal,-1.3880316924826246,0.8113913792233889
Frontal ROI,486.0,nonanimal,0.49845328268783773,1.3844322247472063
Frontal ROI,487.0,animal,-1.3165008262976179,0.8175204939944863
Frontal ROI,487.0,nonanimal,0.48518760333227995,1.3806135097071228
Frontal ROI,488.0,animal,-1.2436977674042984,0.8215084381871371
Frontal ROI,488.0,nonanimal,0.48798751988741795,1.3798281862184665
Frontal ROI,489.0,animal,-1.1798361349157092,0.8232325504462559
Frontal ROI,489.0,nonanimal,0.5090899907000754,1.382484373009032
Frontal ROI,490.0,animal,-1.1340141984313363,0.8236272935753813
Frontal ROI,490.0,nonanimal,0.5497346888667385,1.3890271425806937
Frontal ROI,491.0,animal,-1.1115706433134658,0.8243083781161669
Frontal ROI,491.0,nonanimal,0.6100265727073264,1.3998030359273663
Frontal ROI,492.0,animal,-1.1124324735896602,0.8267474211192416
Frontal ROI,492.0,nonanimal,0.6886015998066839,1.414693222363014
Frontal ROI,493.0,animal,-1.131021481338854,0.8314283622353861
Frontal ROI,493.0,nonanimal,0.7823664333675898,1.4327948031146238
Frontal ROI,494.0,animal,-1.157754870841014,0.8375298293730781
Frontal ROI,494.0,nonanimal,0.8865279947447441,1.4525032514211633
Frontal ROI,495.0,animal,-1.1816775123434489,0.8433657496760859
Frontal ROI,495.0,nonanimal,0.9949492649718781,1.4721109414347968
Frontal ROI,496.0,animal,-1.1934618616232004,0.8472745108383142
Frontal ROI,496.0,nonanimal,1.1007345817340584,1.4906240434812732
Frontal ROI,497.0,animal,-1.1879507322315153,0.8483730607546737
Frontal ROI,497.0,nonanimal,1.1969458393200614,1.5082366033969088
Frontal ROI,498.0,animal,-1.1655503658610666,0.8467924178726325
Frontal ROI,498.0,nonanimal,1.2774274106378907,1.526036155188407
Frontal ROI,499.0,animal,-1.1320645333592128,0.8434129392313159
Frontal ROI,499.0,nonanimal,1.3377497402920129,1.5450043828143083
Frontal ROI,500.0,animal,-1.0969391101476291,0.8393744843541905
Frontal ROI,500.0,nonanimal,1.3761855009099304,1.564879477361186
Frontal ROI,501.0,animal,-1.0703225556240084,0.8356179705859514
Frontal ROI,501.0,nonanimal,1.3944594067235392,1.583567428539843
Frontal ROI,502.0,animal,-1.0597534620596258,0.8325694321745304
Frontal ROI,502.0,nonanimal,1.397910987032319,1.59746067078271
Frontal ROI,503.0,animal,-1.0675283541068115,0.830010542548482
Frontal ROI,503.0,nonanimal,1.3947992955698727,1.602563693109012
Frontal ROI,504.0,animal,-1.0897108868713572,0.8272106271789256
Frontal ROI,504.0,nonanimal,1.3947773386304312,1.5960351810030173
Frontal ROI,505.0,animal,-1.1172487850134432,0.8233323046424483
Frontal ROI,505.0,nonanimal,1.4069110098565418,1.5776206105391903
Frontal ROI,506.0,animal,-1.1389069264557528,0.8179112195597712
Frontal ROI,506.0,nonanimal,1.4378020299015415,1.55038701195893
Frontal ROI,507.0,animal,-1.1450239415365884,0.8110813009627895
Frontal ROI,507.0,nonanimal,1.4902938291145484,1.5203119901947777
Frontal ROI,508.0,animal,-1.130766308784823,0.803393237758305
Frontal ROI,508.0,nonanimal,1.5629842862955905,1.494750567182044
Frontal ROI,509.0,animal,-1.0977216332507116,0.7954221781647186
Frontal ROI,509.0,nonanimal,1.6505340952024699,1.4803853569817846
Frontal ROI,510.0,animal,-1.053268458223024,0.787524692069569
Frontal ROI,510.0,nonanimal,1.7446721570776487,1.48143498325599
Frontal ROI,511.0,animal,-1.0079517787726533,0.779921008604298
Frontal ROI,511.0,nonanimal,1.8357949335010417,1.4985123309104662
Frontal ROI,512.0,animal,-0.9717983618908554,0.7729521024379068
Frontal ROI,512.0,nonanimal,1.9149774562358401,1.5282129319890736
Frontal ROI,513.0,animal,-0.9508864655738754,0.767219450225985
Frontal ROI,513.0,nonanimal,1.9759866120315082,1.5636960084123126
Frontal ROI,514.0,animal,-0.9453860605571405,0.7634467912976188
Frontal ROI,514.0,nonanimal,2.0166907144497555,1.596529184683534
Frontal ROI,515.0,animal,-0.9497478934557867,0.7621290621879462
Frontal ROI,515.0,nonanimal,2.0393197653127997,1.6193489828862735
Frontal ROI,516.0,animal,-0.9549023050705792,0.7631702258053146
Frontal ROI,516.0,nonanimal,2.0494298088020777,1.628157656679892
Frontal ROI,517.0,animal,-0.9515702779632061,0.7657126613334909
Frontal ROI,517.0,nonanimal,2.053921886882665,1.6231910775240013
Frontal ROI,518.0,animal,-0.9333941237038571,0.7682808681670641
Frontal ROI,518.0,nonanimal,2.0588263963458155,1.6081308717889395
Frontal ROI,519.0,animal,-0.8987582511516967,0.7692490078996732
Frontal ROI,519.0,nonanimal,2.0676326596567827,1.5882993448330665
Frontal ROI,520.0,animal,-0.8507858481213397,0.7675310773171581
Frontal ROI,520.0,nonanimal,2.0807641429492785,1.5688476433271545
Frontal ROI,521.0,animal,-0.7957563892064128,0.7632770627031098
Frontal ROI,521.0,nonanimal,2.096413422134205,1.5536855204304272
Frontal ROI,522.0,animal,-0.7407348943970528,0.7582505788660048
Frontal ROI,522.0,nonanimal,2.112450029151282,1.5452754560017083
Frontal ROI,523.0,animal,-0.6913781390046407,0.7555406553711991
Frontal ROI,523.0,nonanimal,2.1286298914153905,1.5449312542690927
Frontal ROI,524.0,animal,-0.6506960710723803,0.7584776415555055
Frontal ROI,524.0,nonanimal,2.1481096244165103,1.5531902226363894
Frontal ROI,525.0,animal,-0.619127766834743,0.769122503985056
Frontal ROI,525.0,nonanimal,2.177431126636154,1.5699777326094289
Frontal ROI,526.0,animal,-0.5957670232166887,0.7871422635874082
Frontal ROI,526.0,nonanimal,2.2246827727580807,1.594424858764485
Frontal ROI,527.0,animal,-0.5800893953682824,0.809725207209481
Frontal ROI,527.0,nonanimal,2.296245650043488,1.6243854785623335
Frontal ROI,528.0,animal,-0.5732572830342934,0.8324814292205808
Frontal ROI,528.0,nonanimal,2.3931764235245536,1.6560009908281599
Frontal ROI,529.0,animal,-0.5781915129311052,0.8507809918040669
Frontal ROI,529.0,nonanimal,2.5086457188546727,1.6838296593226139
Frontal ROI,530.0,animal,-0.5981426583278777,0.8610432004563403
Frontal ROI,530.0,nonanimal,2.627773921631546,1.7018393233693438
Frontal ROI,531.0,animal,-0.6342885294542627,0.8616904524529342
Frontal ROI,531.0,nonanimal,2.7305836877554395,1.7050791539825276
Frontal ROI,532.0,animal,-0.6835115681823869,0.8535266811834086
Frontal ROI,532.0,nonanimal,2.7976546144293097,1.6914360296711701
Frontal ROI,533.0,animal,-0.7375854468611056,0.8393759286072545
Frontal ROI,533.0,nonanimal,2.816796936411839,1.6627323306320552
Frontal ROI,534.0,animal,-0.7844296384809888,0.8231028048515074
Frontal ROI,534.0,nonanimal,2.7882583304049513,1.6245797018533283
Frontal ROI,535.0,animal,-0.8111759163499827,0.8084848848423459
Frontal ROI,535.0,nonanimal,2.7262383454130887,1.58491191611921
Frontal ROI,536.0,animal,-0.8079753378122199,0.7984314536198343
Frontal ROI,536.0,nonanimal,2.6558155648022046,1.5518146882459045
Frontal ROI,537.0,animal,-0.7711267111358413,0.7946153327568836
Frontal ROI,537.0,nonanimal,2.6061897350506604,1.5316130758456357
Frontal ROI,538.0,animal,-0.7043574412166598,0.797195602465327
Frontal ROI,538.0,nonanimal,2.6024851709312893,1.527768657469544
Frontal ROI,539.0,animal,-0.617824991050265,0.8045292341199589
Frontal ROI,539.0,nonanimal,2.6586814977554374,1.5404661637046164
Frontal ROI,540.0,animal,-0.5252964135701316,0.8132910436387746
Frontal ROI,540.0,nonanimal,2.7736193592799228,1.566698509369528
Frontal ROI,541.0,animal,-0.4405868357920812,0.8193875052271207
Frontal ROI,541.0,nonanimal,2.9309706183301656,1.6010127292854142
Frontal ROI,542.0,animal,-0.3744337890677312,0.8194050120516896
Frontal ROI,542.0,nonanimal,3.103047525036773,1.636983572899027
Frontal ROI,543.0,animal,-0.3325984143852859,0.8118743440608168
Frontal ROI,543.0,nonanimal,3.2575393359857854,1.668962284549545
Frontal ROI,544.0,animal,-0.3154125155645914,0.7977812021479075
Frontal ROI,544.0,nonanimal,3.365632364660751,1.6934507097405775
Frontal ROI,545.0,animal,-0.3185197922820889,0.780193166164798
Frontal ROI,545.0,nonanimal,3.409500641745683,1.7097175775250082
Frontal ROI,546.0,animal,-0.3343675415984483,0.7632191239511427
Frontal ROI,546.0,nonanimal,3.387033651061512,1.719547928156014
Frontal ROI,547.0,animal,-0.35402337982313853,0.7506825886253266
Frontal ROI,547.0,nonanimal,3.3122004109202243,1.7261548894584708
Frontal ROI,548.0,animal,-0.36900600737278927,0.7449393594826447
Frontal ROI,548.0,nonanimal,3.2107082505302182,1.7325509822720992
Frontal ROI,549.0,animal,-0.3728845470682109,0.7462557973747486
Frontal ROI,549.0,nonanimal,3.112235595824304,1.7401283527571063
Frontal ROI,550.0,animal,-0.36240935425186405,0.7530056372958867
Frontal ROI,550.0,nonanimal,3.0417959758435194,1.7483094407122266
Frontal ROI,551.0,animal,-0.337940009689344,0.7625735792345114
Frontal ROI,551.0,nonanimal,3.0130990872546657,1.755458706952163
Frontal ROI,552.0,animal,-0.3030428454513992,0.77245129076037
Frontal ROI,552.0,nonanimal,3.025964068421258,1.76028153284794
Frontal ROI,553.0,animal,-0.2633504972335978,0.7809381798649704
Frontal ROI,553.0,nonanimal,3.0682868828643857,1.7626659316634485
Frontal ROI,554.0,animal,-0.22502795056134323,0.7872230352563504
Frontal ROI,554.0,nonanimal,3.121470450998502,1.763570490662461
Frontal ROI,555.0,animal,-0.19332927484985418,0.7911214541859986
Frontal ROI,555.0,nonanimal,3.167174039887814,1.7643794949934843
Frontal ROI,556.0,animal,-0.1716664916299678,0.7929106994045537
Frontal ROI,556.0,nonanimal,3.193055302414616,1.7663751257854132
Frontal ROI,557.0,animal,-0.16139272619492553,0.7933665152445295
Frontal ROI,557.0,nonanimal,3.195795628739927,1.770576037676864
Frontal ROI,558.0,animal,-0.16222896343077123,0.7936578974365135
Frontal ROI,558.0,nonanimal,3.1808024306557376,1.777719789728219
Frontal ROI,559.0,animal,-0.17305140492758114,0.7947904296809274
Frontal ROI,559.0,nonanimal,3.1591463145842558,1.7881156279529058
Frontal ROI,560.0,animal,-0.19265887894384945,0.7968593531629596
Frontal ROI,560.0,nonanimal,3.14309907799581,1.8013783943312982
Frontal ROI,561.0,animal,-0.22019101685240625,0.798794431607078
Frontal ROI,561.0,nonanimal,3.1418826024613424,1.8162569992905797
Frontal ROI,562.0,animal,-0.255045477229486,0.7989430080548059
Frontal ROI,562.0,nonanimal,3.158926385397875,1.8306926368676109
Frontal ROI,563.0,animal,-0.2963683340023425,0.7960783990456325
Frontal ROI,563.0,nonanimal,3.1912786364863774,1.8420841761061921
Frontal ROI,564.0,animal,-0.34238405118266924,0.7900983854131205
Frontal ROI,564.0,nonanimal,3.2310973535836482,1.8477256372566615
Frontal ROI,565.0,animal,-0.3899011256903129,0.7820372280980565
Frontal ROI,565.0,nonanimal,3.268561096231351,1.8454415803626545
Frontal ROI,566.0,animal,-0.43428601297407576,0.7735813192972907
Frontal ROI,566.0,nonanimal,3.2951806219627904,1.8343878745667415
Frontal ROI,567.0,animal,-0.47005473818121485,0.7665396941748609
Frontal ROI,567.0,nonanimal,3.3064402014225194,1.815773083405244
Frontal ROI,568.0,animal,-0.4920338991206762,0.7625264033591
Frontal ROI,568.0,nonanimal,3.3029669211977493,1.7930529571497256
Frontal ROI,569.0,animal,-0.49681648938836165,0.7627327854613195
Frontal ROI,569.0,nonanimal,3.2899454978422953,1.7711805960208427
Frontal ROI,570.0,animal,-0.48404673060032566,0.7675860604713252
Frontal ROI,570.0,nonanimal,3.2750673293283095,1.7549327746567498
Frontal ROI,571.0,animal,-0.4570184325869526,0.776446712609082
Frontal ROI,571.0,nonanimal,3.2657491087375403,1.7470599256154309
Frontal ROI,572.0,animal,-0.4222113800911205,0.7877711307694646
Frontal ROI,572.0,nonanimal,3.2665229958564383,1.747403511800672
Frontal ROI,573.0,animal,-0.38772950932679756,0.7998489096555785
Frontal ROI,573.0,nonanimal,3.277390948819877,1.7535469256645124
Frontal ROI,574.0,animal,-0.36103340528498423,0.8116268257912401
Frontal ROI,574.0,nonanimal,3.2936035815301907,1.7623750301581855
Frontal ROI,575.0,animal,-0.3467242787379473,0.8229796316992339
Frontal ROI,575.0,nonanimal,3.3069082980914515,1.7713334180484877
Frontal ROI,576.0,animal,-0.34522394332973577,0.8342513605111211
Frontal ROI,576.0,nonanimal,3.3078894992572137,1.7787180323894904
Frontal ROI,577.0,animal,-0.35288718888256243,0.8454857160074087
Frontal ROI,577.0,nonanimal,3.2887044969762362,1.7832732311132127
Frontal ROI,578.0,animal,-0.3634915036690837,0.8559513334415441
Frontal ROI,578.0,nonanimal,3.2454210248402924,1.7838164041238393
Frontal ROI,579.0,animal,-0.3704710061520565,0.8642454748742081
Frontal ROI,579.0,nonanimal,3.1793347692096185,1.7793435925225767
Frontal ROI,580.0,animal,-0.3690169437168725,0.8688152006532853
Frontal ROI,580.0,nonanimal,3.0969846595067496,1.7695322488107945
Frontal ROI,581.0,animal,-0.357334111025129,0.8685790129757358
Frontal ROI,581.0,nonanimal,3.008931956130735,1.755245656544113
Frontal ROI,582.0,animal,-0.33676938384123517,0.8634197073806565
Frontal ROI,582.0,nonanimal,2.9276254963015003,1.738687349125295
Frontal ROI,583.0,animal,-0.31096184923337206,0.8543753411629625
Frontal ROI,583.0,nonanimal,2.8648352824320114,1.7230829381068007
Frontal ROI,584.0,animal,-0.2844376025037016,0.8433723866246698
Frontal ROI,584.0,nonanimal,2.8292034265705284,1.7119863093384449
Frontal ROI,585.0,animal,-0.261148926095963,0.8325366939157388
Frontal ROI,585.0,nonanimal,2.8244151395854495,1.7084402795745517
Frontal ROI,586.0,animal,-0.24338854327213005,0.8234516538242438
Frontal ROI,586.0,nonanimal,2.8483614121758074,1.714263844545876
Frontal ROI,587.0,animal,-0.23134533324183765,0.8168046659285313
Frontal ROI,587.0,nonanimal,2.8934741204727357,1.7296750590343677
Frontal ROI,588.0,animal,-0.22335302555039646,0.8124777558166322
Frontal ROI,588.0,nonanimal,2.948211837898499,1.7532936284709524
Frontal ROI,589.0,animal,-0.21664842404752874,0.8097498336494104
Frontal ROI,589.0,nonanimal,2.999466133571256,1.7823827019952574
Frontal ROI,590.0,animal,-0.20828985386373072,0.8073973722353533
Frontal ROI,590.0,nonanimal,3.0354568836193474,1.8131646886982675
Frontal ROI,591.0,animal,-0.19590516415896214,0.8038581260257021
Frontal ROI,591.0,nonanimal,3.048512650304969,1.841229876536049
Frontal ROI,592.0,animal,-0.1781425308215694,0.7976702449104968
Frontal ROI,592.0,nonanimal,3.037030900461208,1.8622354992731807
Frontal ROI,593.0,animal,-0.15492837211738514,0.7880835571946873
Frontal ROI,593.0,nonanimal,3.0059756653855314,1.8729780931841955
Frontal ROI,594.0,animal,-0.12767045077900163,0.7755151040318393
Frontal ROI,594.0,nonanimal,2.965596229698582,1.872535005489575
Frontal ROI,595.0,animal,-0.09935338828458577,0.7615921793577429
Frontal ROI,595.0,nonanimal,2.928610205193226,1.8628693477888472
Frontal ROI,596.0,animal,-0.07426621569830172,0.7487118561516944
Frontal ROI,596.0,nonanimal,2.9066919006252236,1.8484107239587344
Frontal ROI,597.0,animal,-0.0571157248675682,0.7392315985320416
Frontal ROI,597.0,nonanimal,2.9074467149077665,1.834634634068441
Frontal ROI,598.0,animal,-0.051593390896156666,0.7346629276028823
Frontal ROI,598.0,nonanimal,2.9328972948689946,1.8262305609743603
Frontal ROI,599.0,animal,-0.05885541253724349,0.7354275080619049
Frontal ROI,599.0,nonanimal,2.979860429506327,1.8256744047793332
Frontal ROI,600.0,animal,-0.07657605787445099,0.7414070076163404
Frontal ROI,600.0,nonanimal,3.041739790252854,1.8327381080007366
