roi,time_ms,F,p,p_fdr,n_subjects
Frontal ROI,-100.0,0.3098712665341963,0.7373768573791126,0.9392687723490394,10
Frontal ROI,-99.0,0.23141182950299927,0.7957368137383292,0.9392687723490394,10
Frontal ROI,-98.0,0.18395470309607265,0.833518008895066,0.9392687723490394,10
Frontal ROI,-97.0,0.18662938717394387,0.83133644436607,0.9392687723490394,10
Frontal ROI,-96.0,0.23090765915176137,0.7961280505745606,0.9392687723490394,10
Frontal ROI,-95.0,0.280045649924131,0.7589821667323452,0.9392687723490394,10
Frontal ROI,-94.0,0.29178337024861994,0.750396674066189,0.9392687723490394,10
Frontal ROI,-93.0,0.25098150891351606,0.7807145423747133,0.9392687723490394,10
Frontal ROI,-92.0,0.18260624874167866,0.8346202659821425,0.9392687723490394,10
Frontal ROI,-91.0,0.12665960900719894,0.8818117995022808,0.9392687723490394,10
Frontal ROI,-90.0,0.10737452448573229,0.8987601668891583,0.9392687723490394,10
Frontal ROI,-89.0,0.13233029104128563,0.8768960059983574,0.9392687723490394,10
Frontal ROI,-88.0,0.20774552091050516,0.8143344601493107,0.9392687723490394,10
Frontal ROI,-87.0,0.34766491844169767,0.7109750502410417,0.9392687723490394,10
Frontal ROI,-86.0,0.5731244394113705,0.5737190181818845,0.9115654984792707,10
Frontal ROI,-85.0,0.904202132771014,0.4224809472664489,0.9115654984792707,10
Frontal ROI,-84.0,1.3463313269563646,0.28517086119695156,0.9059400779847419,10
Frontal ROI,-83.0,1.8726380984550515,0.18246021908971266,0.9059400779847419,10
Frontal ROI,-82.0,2.4104865754027247,0.1181530959114313,0.8451563289174832,10
Frontal ROI,-81.0,2.848951936519975,0.0841517485645834,0.7761891545233285,10
Frontal ROI,-80.0,3.0816857129180293,0.0706374119271247,0.7761891545233285,10
Frontal ROI,-79.0,3.0687300648599622,0.07132280603058394,0.7761891545233285,10
Frontal ROI,-78.0,2.859459225750876,0.08348310788017987,0.7761891545233285,10
Frontal ROI,-77.0,2.547927458987451,0.1060830899215911,0.7996155487638211,10
Frontal ROI,-76.0,2.2133087221983017,0.1382224453719877,0.888935176199664,10
Frontal ROI,-75.0,1.8989983432747832,0.17852675285136055,0.9059400779847419,10
Frontal ROI,-74.0,1.6247551796394204,0.22454955579919278,0.9059400779847419,10
Frontal ROI,-73.0,1.403812571036379,0.271300071706694,0.9059400779847419,10
Frontal ROI,-72.0,1.2494981552158306,0.310355302957537,0.9059400779847419,10
Frontal ROI,-71.0,1.1726600645969076,0.33210223318820176,0.9059400779847419,10
Frontal ROI,-70.0,1.1775938422813073,0.3306561050611867,0.9059400779847419,10
Frontal ROI,-69.0,1.256575024968441,0.3084333525696321,0.9059400779847419,10
Frontal ROI,-68.0,1.3771930984570993,0.27762815159812815,0.9059400779847419,10
Frontal ROI,-67.0,1.4707916519764164,0.2560748472097045,0.9059400779847419,10
Frontal ROI,-66.0,1.4532164090442081,0.2599759124960612,0.9059400779847419,10
Frontal ROI,-65.0,1.2832721881782765,0.3013010208903848,0.9059400779847419,10
Frontal ROI,-64.0,0.9985469309805606,0.3879275111367614,0.9115654984792707,10
Frontal ROI,-63.0,0.685738166496853,0.5164021755647099,0.9115654984792707,10
Frontal ROI,-62.0,0.42109137347610115,0.6626308346320952,0.9339146850473633,10
Frontal ROI,-61.0,0.23763118485820836,0.7909281169005986,0.9392687723490394,10
Frontal ROI,-60.0,0.13212168384928194,0.8770763027374366,0.9392687723490394,10
Frontal ROI,-59.0,0.08624438202746058,0.9177467703766291,0.9433144956510513,10
Frontal ROI,-58.0,0.08432478214759735,0.9194935999786417,0.9437262277965268,10
Frontal ROI,-57.0,0.12535278895023347,0.8829489902882958,0.9392687723490394,10
Frontal ROI,-56.0,0.2259051606966306,0.8000215984642111,0.9392687723490394,10
Frontal ROI,-55.0,0.4157743395922529,0.6660061060056718,0.9352397510883499,10
Frontal ROI,-54.0,0.732803917976735,0.49435714954988563,0.9115654984792707,10
Frontal ROI,-53.0,1.1956551124062893,0.32542158733391213,0.9059400779847419,10
Frontal ROI,-52.0,1.6056030559925452,0.22822555360473706,0.9059400779847419,10
Frontal ROI,-51.0,1.2315441089310861,0.315291278194894,0.9059400779847419,10
Frontal ROI,-50.0,0.4008254509907963,0.6755985108933614,0.9353158078269981,10
Frontal ROI,-49.0,0.05960920198067782,0.9423178262487519,0.9559548425475761,10
Frontal ROI,-48.0,0.02410032788685114,0.9762192100991999,0.9762192100991999,10
Frontal ROI,-47.0,0.06652789299156042,0.9358657789508029,0.952124749672366,10
Frontal ROI,-46.0,0.10139024752325675,0.9040926899299613,0.9392687723490394,10
Frontal ROI,-45.0,0.09988493024272084,0.9054395888240817,0.9392687723490394,10
Frontal ROI,-44.0,0.06510988942818681,0.9371841330583917,0.952124749672366,10
Frontal ROI,-43.0,0.034785546973135975,0.9658772767299144,0.9734407172048155,10
Frontal ROI,-42.0,0.04548092482290942,0.9556472751699949,0.9652863687235826,10
Frontal ROI,-41.0,0.08037722921777489,0.9230974823844404,0.9460399636717731,10
Frontal ROI,-40.0,0.09689978422247267,0.9081171800435184,0.9392687723490394,10
Frontal ROI,-39.0,0.07229687265635318,0.9305234157240277,0.9508701376421915,10
Frontal ROI,-38.0,0.028967458368044246,0.9714932669778439,0.9751954148669376,10
Frontal ROI,-37.0,0.06917481571846036,0.9334103769584283,0.9512395307960034,10
Frontal ROI,-36.0,0.30348748466206305,0.7419430743853916,0.9392687723490394,10
Frontal ROI,-35.0,0.6283614948343351,0.544767384568261,0.9115654984792707,10
Frontal ROI,-34.0,0.8688694064142893,0.4362907109756341,0.9115654984792707,10
Frontal ROI,-33.0,1.0102559553643986,0.3838627275384783,0.9115654984792707,10
Frontal ROI,-32.0,1.1084228993210044,0.35158631199071055,0.9115654984792707,10
Frontal ROI,-31.0,1.1963321040899237,0.3252271798894195,0.9059400779847419,10
Frontal ROI,-30.0,1.2778254387263182,0.30274114544853603,0.9059400779847419,10
Frontal ROI,-29.0,1.3539783559945489,0.2832809106078812,0.9059400779847419,10
Frontal ROI,-28.0,1.436680606194234,0.26370662975262593,0.9059400779847419,10
Frontal ROI,-27.0,1.547745489677578,0.2397429290192633,0.9059400779847419,10
Frontal ROI,-26.0,1.7157902086791743,0.20795279526620425,0.9059400779847419,10
Frontal ROI,-25.0,1.9698794334178982,0.16840923199378488,0.9059400779847419,10
Frontal ROI,-24.0,2.3150851168975723,0.12742720509828276,0.8589083728259251,10
Frontal ROI,-23.0,2.67908321047763,0.0958305125060046,0.7851938248912401,10
Frontal ROI,-22.0,2.8935675407387347,0.08135294823881034,0.7761891545233285,10
Frontal ROI,-21.0,2.8236355032821874,0.08578735715365438,0.7779333914941018,10
Frontal ROI,-20.0,2.50071281559059,0.11006766557860226,0.8121835112694755,10
Frontal ROI,-19.0,2.055462577033679,0.157032778675553,0.9059400779847419,10
Frontal ROI,-18.0,1.6048002557449461,0.22838109403428486,0.9059400779847419,10
Frontal ROI,-17.0,1.218296804664407,0.31898919013842986,0.9059400779847419,10
Frontal ROI,-16.0,0.9289074161517537,0.4131135457042533,0.9115654984792707,10
Frontal ROI,-15.0,0.7481877080955777,0.48737992394833407,0.9115654984792707,10
Frontal ROI,-14.0,0.6696889954540517,0.5241674270829944,0.9115654984792707,10
Frontal ROI,-13.0,0.6701675453066672,0.5239340169208884,0.9115654984792707,10
Frontal ROI,-12.0,0.7304771137534106,0.49542208791540576,0.9115654984792707,10
Frontal ROI,-11.0,0.8606914550831065,0.43955806919928775,0.9115654984792707,10
Frontal ROI,-10.0,1.0812112864285552,0.3602202573938611,0.9115654984792707,10
Frontal ROI,-9.0,1.3113964256506454,0.29398503980589663,0.9059400779847419,10
Frontal ROI,-8.0,1.327694932231171,0.2898357660026174,0.9059400779847419,10
Frontal ROI,-7.0,1.103532181673132,0.35312098149777615,0.9115654984792707,10
Frontal ROI,-6.0,0.8253918515535237,0.45397680861011136,0.9115654984792707,10
Frontal ROI,-5.0,0.604117543086391,0.5572696419808688,0.9115654984792707,10
Frontal ROI,-4.0,0.47056165866773986,0.6321220816991742,0.9339146850473633,10
Frontal ROI,-3.0,0.4280016849197267,0.6582725142049517,0.9339146850473633,10
Frontal ROI,-2.0,0.45859810243713445,0.6393543605053486,0.9339146850473633,10
Frontal ROI,-1.0,0.5269864469936208,0.5992149751504601,0.9217305930453495,10
Frontal ROI,0.0,0.5974808453860325,0.5607474389028084,0.9115654984792707,10
Frontal ROI,1.0,0.6472102044210705,0.5352626146205123,0.9115654984792707,10
Frontal ROI,2.0,0.668181708552927,0.5249033536867076,0.9115654984792707,10
Frontal ROI,3.0,0.6685182029619594,0.5247389621966456,0.9115654984792707,10
Frontal ROI,4.0,0.677050486107889,0.5205896429564942,0.9115654984792707,10
Frontal ROI,5.0,0.729256037489178,0.495981973216872,0.9115654984792707,10
Frontal ROI,6.0,0.8255798075653753,0.4538986564511276,0.9115654984792707,10
Frontal ROI,7.0,0.933359644503734,0.4114500767020334,0.9115654984792707,10
Frontal ROI,8.0,1.031529260288051,0.37659824053398205,0.9115654984792707,10
Frontal ROI,9.0,1.1219777168328298,0.34737150715170184,0.9115654984792707,10
Frontal ROI,10.0,1.217177909938512,0.319303723700765,0.9059400779847419,10
Frontal ROI,11.0,1.3272459072459006,0.2899492033358221,0.9059400779847419,10
Frontal ROI,12.0,1.4468661548037833,0.2614016411620179,0.9059400779847419,10
Frontal ROI,13.0,1.5572269149840396,0.2378120618436742,0.9059400779847419,10
Frontal ROI,14.0,1.6631128104668,0.21738348669236518,0.9059400779847419,10
Frontal ROI,15.0,1.8017303112840517,0.19352746826683154,0.9059400779847419,10
Frontal ROI,16.0,1.9702468623315157,0.16835847368424706,0.9059400779847419,10
Frontal ROI,17.0,2.1173312439418552,0.14934052473196957,0.9059400779847419,10
Frontal ROI,18.0,2.2205325351910035,0.13742361246552393,0.888935176199664,10
Frontal ROI,19.0,2.296480878957091,0.12932844060194804,0.8634213034472911,10
Frontal ROI,20.0,2.370125359343562,0.12198187604157351,0.8550929510514302,10
Frontal ROI,21.0,2.4610414892935295,0.1135444269338749,0.8223773928735163,10
Frontal ROI,22.0,2.5819629105428055,0.10331016529466508,0.795828855731431,10
Frontal ROI,23.0,2.737339067719691,0.09163380681270827,0.7833572997037622,10
Frontal ROI,24.0,2.915752790960385,0.07999985939115228,0.7761891545233285,10
Frontal ROI,25.0,3.0748123188406415,0.0710001199748086,0.7761891545233285,10
Frontal ROI,26.0,3.1363765481511656,0.06782365681089053,0.7761891545233285,10
Frontal ROI,27.0,3.0301111390191435,0.07341010225960243,0.7761891545233285,10
Frontal ROI,28.0,2.7498350767216437,0.09076045152166046,0.7833572997037622,10
Frontal ROI,29.0,2.345942426593332,0.12434187321608037,0.8551958841364115,10
Frontal ROI,30.0,1.9273943022649835,0.17439460901037795,0.9059400779847419,10
Frontal ROI,31.0,1.6177982172271652,0.2258771898297396,0.9059400779847419,10
Frontal ROI,32.0,1.4455635255657655,0.26169517381032925,0.9059400779847419,10
Frontal ROI,33.0,1.3649640506828342,0.28059012570283315,0.9059400779847419,10
Frontal ROI,34.0,1.327003564669907,0.2900104469185343,0.9059400779847419,10
Frontal ROI,35.0,1.2998879957460165,0.296954606250718,0.9059400779847419,10
Frontal ROI,36.0,1.2635292088893761,0.3065575958404687,0.9059400779847419,10
Frontal ROI,37.0,1.2020343070185309,0.32359482548439344,0.9059400779847419,10
Frontal ROI,38.0,1.0998900264975116,0.35426869728987076,0.9115654984792707,10
Frontal ROI,39.0,0.9457118976389749,0.40687378877262004,0.9115654984792707,10
Frontal ROI,40.0,0.7497690212046944,0.4866689528408953,0.9115654984792707,10
Frontal ROI,41.0,0.5626555181814491,0.5793966559655062,0.9115654984792707,10
Frontal ROI,42.0,0.45476220239117876,0.6416926899578572,0.9339146850473633,10
Frontal ROI,43.0,0.47874884470739604,0.6272251158590181,0.9339146850473633,10
Frontal ROI,44.0,0.6458237239021432,0.5359554556263411,0.9115654984792707,10
Frontal ROI,45.0,0.8996061729672186,0.4242494859474142,0.9115654984792707,10
Frontal ROI,46.0,1.1560094902763147,0.3370347667219711,0.9059400779847419,10
Frontal ROI,47.0,1.3646270637144724,0.2806722422729656,0.9059400779847419,10
Frontal ROI,48.0,1.5105116219481487,0.24749582318012364,0.9059400779847419,10
Frontal ROI,49.0,1.5873905079108845,0.231783329432094,0.9059400779847419,10
Frontal ROI,50.0,1.5703065612625389,0.23517672510360754,0.9059400779847419,10
Frontal ROI,51.0,1.3863992841525816,0.2754212579640276,0.9059400779847419,10
Frontal ROI,52.0,0.9568618380814947,0.4027914627843403,0.9115654984792707,10
Frontal ROI,53.0,0.4607401481133645,0.638052709787912,0.9339146850473633,10
Frontal ROI,54.0,0.22170511734447404,0.8033069215460484,0.9392687723490394,10
Frontal ROI,55.0,0.24318539151260357,0.7866609833226829,0.9392687723490394,10
Frontal ROI,56.0,0.44338868504752565,0.6486819243826571,0.9339146850473633,10
Frontal ROI,57.0,0.7805415404195554,0.4730602611119934,0.9115654984792707,10
Frontal ROI,58.0,1.1551072313440889,0.33730436569760003,0.9059400779847419,10
Frontal ROI,59.0,1.4478767321064459,0.2611741710743436,0.9059400779847419,10
Frontal ROI,60.0,1.6361173903705342,0.22239984855529116,0.9059400779847419,10
Frontal ROI,61.0,1.7634179942144494,0.1998162150431393,0.9059400779847419,10
Frontal ROI,62.0,1.8658829190505082,0.18348365999858152,0.9059400779847419,10
Frontal ROI,63.0,1.949666989816551,0.1712278421400547,0.9059400779847419,10
Frontal ROI,64.0,1.992056213884228,0.16537586106336444,0.9059400779847419,10
Frontal ROI,65.0,1.9491320813497153,0.17130314327810736,0.9059400779847419,10
Frontal ROI,66.0,1.7827325585183302,0.19661791308701815,0.9059400779847419,10
Frontal ROI,67.0,1.5102206907922144,0.247557487914849,0.9059400779847419,10
Frontal ROI,68.0,1.2193873095683538,0.318682968502219,0.9059400779847419,10
Frontal ROI,69.0,1.0012608725495697,0.3869811269625807,0.9115654984792707,10
Frontal ROI,70.0,0.8890779112666206,0.4283318790694127,0.9115654984792707,10
Frontal ROI,71.0,0.8722331703453248,0.43495461781747546,0.9115654984792707,10
Frontal ROI,72.0,0.9294269949887732,0.4129190328479355,0.9115654984792707,10
Frontal ROI,73.0,1.0387893845980225,0.37415409268145294,0.9115654984792707,10
Frontal ROI,74.0,1.1762957143304222,0.3310359168567023,0.9059400779847419,10
Frontal ROI,75.0,1.3168075622099102,0.2926001987860287,0.9059400779847419,10
Frontal ROI,76.0,1.4370584817891061,0.26362071427858813,0.9059400779847419,10
Frontal ROI,77.0,1.5154392558787622,0.2464539677230413,0.9059400779847419,10
Frontal ROI,78.0,1.5275918281002288,0.24390530157756196,0.9059400779847419,10
Frontal ROI,79.0,1.444348508830451,0.2619692941275472,0.9059400779847419,10
Frontal ROI,80.0,1.2498549131278724,0.31025809605344556,0.9059400779847419,10
Frontal ROI,81.0,0.9850100902736851,0.3926865371906808,0.9115654984792707,10
Frontal ROI,82.0,0.7466835525246392,0.48805727551461264,0.9115654984792707,10
Frontal ROI,83.0,0.6039058856613235,0.5573801851198495,0.9115654984792707,10
Frontal ROI,84.0,0.5574933852468344,0.5822192090218774,0.9115654984792707,10
Frontal ROI,85.0,0.5749610687746799,0.5727293421204773,0.9115654984792707,10
Frontal ROI,86.0,0.6208232849494278,0.5486210240482619,0.9115654984792707,10
Frontal ROI,87.0,0.6671189296663413,0.5254229411951004,0.9115654984792707,10
Frontal ROI,88.0,0.6931977101476728,0.5128365212743704,0.9115654984792707,10
Frontal ROI,89.0,0.6792384113808186,0.5195315186684117,0.9115654984792707,10
Frontal ROI,90.0,0.6023675722618783,0.5581843384128957,0.9115654984792707,10
Frontal ROI,91.0,0.44809213602255044,0.6457813624088488,0.9339146850473633,10
Frontal ROI,92.0,0.25410667279596766,0.7783448799341395,0.9392687723490394,10
Frontal ROI,93.0,0.16696557584572735,0.8475243422715224,0.9392687723490394,10
Frontal ROI,94.0,0.36410909598353486,0.6998168610815136,0.9392687723490394,10
Frontal ROI,95.0,0.7911448870926974,0.46846946654631394,0.9115654984792707,10
Frontal ROI,96.0,1.1618142612180469,0.3353059900200628,0.9059400779847419,10
Frontal ROI,97.0,1.2910415234395927,0.2992599575925883,0.9059400779847419,10
Frontal ROI,98.0,1.208927786868848,0.3216335901544565,0.9059400779847419,10
Frontal ROI,99.0,1.0298554523824497,0.37716424734533627,0.9115654984792707,10
Frontal ROI,100.0,0.8421295339523708,0.4470755257243416,0.9115654984792707,10
Frontal ROI,101.0,0.6840262323657371,0.517224359110497,0.9115654984792707,10
Frontal ROI,102.0,0.5608529906119802,0.5803805114333399,0.9115654984792707,10
Frontal ROI,103.0,0.4671774204087386,0.6341586779969954,0.9339146850473633,10
Frontal ROI,104.0,0.401884126276924,0.6749141527010354,0.9353158078269981,10
Frontal ROI,105.0,0.37471837403619557,0.6927212580821207,0.9374471079451092,10
Frontal ROI,106.0,0.40589664757985866,0.6723273266550371,0.9353158078269981,10
Frontal ROI,107.0,0.5147094998100963,0.6062095687570803,0.9231519233519945,10
Frontal ROI,108.0,0.696254052125111,0.5113835002456496,0.9115654984792707,10
Frontal ROI,109.0,0.9134260155676988,0.4189562339447097,0.9115654984792707,10
Frontal ROI,110.0,1.1247672745535464,0.3465110912564111,0.9115654984792707,10
Frontal ROI,111.0,1.3107047308029502,0.294162585634141,0.9059400779847419,10
Frontal ROI,112.0,1.467890734538316,0.25671423903586876,0.9059400779847419,10
Frontal ROI,113.0,1.5878324787186688,0.23169626541212718,0.9059400779847419,10
Frontal ROI,114.0,1.638395261946871,0.2219716372042444,0.9059400779847419,10
Frontal ROI,115.0,1.564253490823834,0.2363922652700865,0.9059400779847419,10
Frontal ROI,116.0,1.3357753691665395,0.2878028075175322,0.9059400779847419,10
Frontal ROI,117.0,1.0197360120370784,0.3806063854923972,0.9115654984792707,10
Frontal ROI,118.0,0.7435381580163587,0.4894770932215382,0.9115654984792707,10
Frontal ROI,119.0,0.5889983840035758,0.5652276205228701,0.9115654984792707,10
Frontal ROI,120.0,0.5836590511050213,0.5680680861709058,0.9115654984792707,10
Frontal ROI,121.0,0.7437429278054607,0.48938452147875033,0.9115654984792707,10
Frontal ROI,122.0,1.0552739787013141,0.3686696690480603,0.9115654984792707,10
Frontal ROI,123.0,1.4085964369371873,0.27017990941774894,0.9059400779847419,10
Frontal ROI,124.0,1.646977204370178,0.22036654716309056,0.9059400779847419,10
Frontal ROI,125.0,1.7143075742216833,0.20821192524027055,0.9059400779847419,10
Frontal ROI,126.0,1.6617718355095044,0.21762968147442363,0.9059400779847419,10
Frontal ROI,127.0,1.5621894657251585,0.2368083447399043,0.9059400779847419,10
Frontal ROI,128.0,1.4701987778080843,0.25620537873193183,0.9059400779847419,10
Frontal ROI,129.0,1.4181900034373618,0.26794898840956083,0.9059400779847419,10
Frontal ROI,130.0,1.415578493228061,0.2685542436579962,0.9059400779847419,10
Frontal ROI,131.0,1.44929464021278,0.26085538588908874,0.9059400779847419,10
Frontal ROI,132.0,1.4948919671959502,0.25083078280750204,0.9059400779847419,10
Frontal ROI,133.0,1.5386900924793052,0.24160331170564886,0.9059400779847419,10
Frontal ROI,134.0,1.5950798543220313,0.23027377265386928,0.9059400779847419,10
Frontal ROI,135.0,1.7077295304776883,0.20936594936269204,0.9059400779847419,10
Frontal ROI,136.0,1.9387690109870295,0.17276927877055104,0.9059400779847419,10
Frontal ROI,137.0,2.3382602633722738,0.12510215450563633,0.8551958841364115,10
Frontal ROI,138.0,2.8724405406835167,0.0826651685987102,0.7761891545233285,10
Frontal ROI,139.0,3.3630977989014386,0.057416516770841364,0.7761891545233285,10
Frontal ROI,140.0,3.6014675446390396,0.048349552395274165,0.7761891545233285,10
Frontal ROI,141.0,3.5566849720543856,0.04992379572333672,0.7761891545233285,10
Frontal ROI,142.0,3.358058128939715,0.057627593200277105,0.7761891545233285,10
Frontal ROI,143.0,3.1442831151142205,0.06742727927558922,0.7761891545233285,10
Frontal ROI,144.0,3.0089610321928153,0.07458193807227276,0.7761891545233285,10
Frontal ROI,145.0,3.0278376004073455,0.07353508254282148,0.7761891545233285,10
Frontal ROI,146.0,3.301472712589251,0.060057688994317626,0.7761891545233285,10
Frontal ROI,147.0,3.9737774908571977,0.037203566737087246,0.7761891545233285,10
Frontal ROI,148.0,5.112342902706018,0.017449801903251405,0.7587667921802707,10
Frontal ROI,149.0,6.3341715755867245,0.008264940285896416,0.6081098476923328,10
Frontal ROI,150.0,6.941004938025629,0.005828292216788933,0.6081098476923328,10
Frontal ROI,151.0,6.905482609246158,0.005946493173351719,0.6081098476923328,10
Frontal ROI,152.0,6.634882739735166,0.0069395439269838155,0.6081098476923328,10
Frontal ROI,153.0,6.2874565201419506,0.00849504084491548,0.6081098476923328,10
Frontal ROI,154.0,5.794758104945952,0.011408059184006558,0.6493487124162578,10
Frontal ROI,155.0,5.085931486707527,0.01774648882289609,0.7587667921802707,10
Frontal ROI,156.0,4.24103293522292,0.03096604871333808,0.7761891545233285,10
Frontal ROI,157.0,3.4617942500709384,0.05345119212644467,0.7761891545233285,10
Frontal ROI,158.0,2.911950272772006,0.08022999019804711,0.7761891545233285,10
Frontal ROI,159.0,2.6390405092248703,0.09883891454972082,0.7851938248912401,10
Frontal ROI,160.0,2.6135389219570997,0.1008094782314003,0.7851938248912401,10
Frontal ROI,161.0,2.778675764076119,0.08877984496366353,0.7779333914941018,10
Frontal ROI,162.0,3.0631076504257884,0.07162254580589622,0.7761891545233285,10
Frontal ROI,163.0,3.3683261851564703,0.05719844379874206,0.7761891545233285,10
Frontal ROI,164.0,3.562213762037844,0.049726394618513914,0.7761891545233285,10
Frontal ROI,165.0,3.5301265509315862,0.050884260755068356,0.7761891545233285,10
Frontal ROI,166.0,3.280936238330289,0.06096762761905905,0.7761891545233285,10
Frontal ROI,167.0,2.959463513919119,0.07740647687282354,0.7761891545233285,10
Frontal ROI,168.0,2.716517824409249,0.09310983712431309,0.7851938248912401,10
Frontal ROI,169.0,2.6171363821436193,0.10052886839462127,0.7851938248912401,10
Frontal ROI,170.0,2.6526854899642967,0.09780214081657812,0.7851938248912401,10
Frontal ROI,171.0,2.7836463412338612,0.08844337109736367,0.7779333914941018,10
Frontal ROI,172.0,2.968887905055501,0.07685964753620933,0.7761891545233285,10
Frontal ROI,173.0,3.168950240197942,0.06620709731907293,0.7761891545233285,10
Frontal ROI,174.0,3.3349069897328483,0.05860837407156194,0.7761891545233285,10
Frontal ROI,175.0,3.4146895042737837,0.05530441788173912,0.7761891545233285,10
Frontal ROI,176.0,3.387389191395938,0.05641109647817388,0.7761891545233285,10
Frontal ROI,177.0,3.2863461070117808,0.06072644778645364,0.7761891545233285,10
Frontal ROI,178.0,3.1742331060713664,0.0659489775251616,0.7761891545233285,10
Frontal ROI,179.0,3.0990048302565243,0.06973258003626082,0.7761891545233285,10
Frontal ROI,180.0,3.0725710507062636,0.07111883841034394,0.7761891545233285,10
Frontal ROI,181.0,3.074393034948523,0.07102231240109236,0.7761891545233285,10
Frontal ROI,182.0,3.0685837867792225,0.07133058666356651,0.7761891545233285,10
Frontal ROI,183.0,3.024866993539785,0.07369873825880935,0.7761891545233285,10
Frontal ROI,184.0,2.9299923036835773,0.07914456810613224,0.7761891545233285,10
Frontal ROI,185.0,2.7879606357743145,0.08815247144866989,0.7779333914941018,10
Frontal ROI,186.0,2.619587829110782,0.1003381473543653,0.7851938248912401,10
Frontal ROI,187.0,2.458229664606384,0.11379544523356788,0.8223773928735163,10
Frontal ROI,188.0,2.33269201493311,0.12565645658495062,0.8551958841364115,10
Frontal ROI,189.0,2.2467783605794884,0.13456414472257916,0.881583789257271,10
Frontal ROI,190.0,2.1767549683192846,0.1423446065253795,0.9021496348625467,10
Frontal ROI,191.0,2.092492745463672,0.1523772757077203,0.9059400779847419,10
Frontal ROI,192.0,1.9824737268420927,0.16667905445080478,0.9059400779847419,10
Frontal ROI,193.0,1.858184265137567,0.18465782593072244,0.9059400779847419,10
Frontal ROI,194.0,1.734245923097723,0.20475698103826812,0.9059400779847419,10
Frontal ROI,195.0,1.6062215065831416,0.22810581069668268,0.9059400779847419,10
Frontal ROI,196.0,1.4571609920626514,0.25909464506028734,0.9059400779847419,10
Frontal ROI,197.0,1.2935479901875395,0.29860477099212324,0.9059400779847419,10
Frontal ROI,198.0,1.158648218586703,0.33624767604003414,0.9059400779847419,10
Frontal ROI,199.0,1.0968994094242799,0.35521419973620694,0.9115654984792707,10
Frontal ROI,200.0,1.118195298060347,0.348541956795141,0.9115654984792707,10
Frontal ROI,201.0,1.1933182289728423,0.326093648227612,0.9059400779847419,10
Frontal ROI,202.0,1.2655208665677522,0.30602272209579007,0.9059400779847419,10
Frontal ROI,203.0,1.2701084106845657,0.3047946452408101,0.9059400779847419,10
Frontal ROI,204.0,1.1668111790018478,0.33382569732360645,0.9059400779847419,10
Frontal ROI,205.0,0.9692449348928893,0.39831089694994926,0.9115654984792707,10
Frontal ROI,206.0,0.7368031478748345,0.49253270826849715,0.9115654984792707,10
Frontal ROI,207.0,0.5322452343741,0.5962463362355583,0.9206358627778114,10
Frontal ROI,208.0,0.3899387324350464,0.6826809083563814,0.9353158078269981,10
Frontal ROI,209.0,0.3159637741522706,0.7330480878819073,0.9392687723490394,10
Frontal ROI,210.0,0.3033973042425139,0.7420078036416775,0.9392687723490394,10
Frontal ROI,211.0,0.3422675857960587,0.7146803860213184,0.9392687723490394,10
Frontal ROI,212.0,0.4197732919012802,0.6634657819594678,0.9339146850473633,10
Frontal ROI,213.0,0.5183467399760808,0.604127898143747,0.9226441320234569,10
Frontal ROI,214.0,0.6171136324795873,0.5505285638547168,0.9115654984792707,10
Frontal ROI,215.0,0.6953326990234219,0.5118210401793827,0.9115654984792707,10
Frontal ROI,216.0,0.7352918902350445,0.4932212603613533,0.9115654984792707,10
Frontal ROI,217.0,0.7254110683731904,0.4977495576945473,0.9115654984792707,10
Frontal ROI,218.0,0.6652638621594357,0.5263312446886167,0.9115654984792707,10
Frontal ROI,219.0,0.5698340278261318,0.5754968265289935,0.9115654984792707,10
Frontal ROI,220.0,0.46586610502655923,0.6349497716713557,0.9339146850473633,10
Frontal ROI,221.0,0.37949999063936674,0.6895494227294849,0.9374471079451092,10
Frontal ROI,222.0,0.32609839924908485,0.7259097751381558,0.9392687723490394,10
Frontal ROI,223.0,0.30996009914801687,0.7373135375027233,0.9392687723490394,10
Frontal ROI,224.0,0.3289178408513962,0.7239376611112402,0.9392687723490394,10
Frontal ROI,225.0,0.377066869307665,0.6911613871672493,0.9374471079451092,10
Frontal ROI,226.0,0.44539062509122773,0.6474455861996595,0.9339146850473633,10
Frontal ROI,227.0,0.5229795498083634,0.6014879338992043,0.9226324762874009,10
Frontal ROI,228.0,0.599509824470655,0.5596816500537805,0.9115654984792707,10
Frontal ROI,229.0,0.6674562807215076,0.5252579499964334,0.9115654984792707,10
Frontal ROI,230.0,0.7226363384443432,0.4990294867172448,0.9115654984792707,10
Frontal ROI,231.0,0.7629780446513643,0.4807748832350677,0.9115654984792707,10
Frontal ROI,232.0,0.7865689274058503,0.47044456122275435,0.9115654984792707,10
Frontal ROI,233.0,0.7905887495604222,0.46870901638114015,0.9115654984792707,10
Frontal ROI,234.0,0.7722254537153458,0.476695753593511,0.9115654984792707,10
Frontal ROI,235.0,0.7313504397475458,0.49502208306884565,0.9115654984792707,10
Frontal ROI,236.0,0.6735921091129476,0.5222670703177963,0.9115654984792707,10
Frontal ROI,237.0,0.6117592129330206,0.553294867123465,0.9115654984792707,10
Frontal ROI,238.0,0.5633763715117243,0.5790037187023298,0.9115654984792707,10
Frontal ROI,239.0,0.544110019625463,0.5896083859235736,0.9164423027326498,10
Frontal ROI,240.0,0.5621426026298273,0.5796764267296104,0.9115654984792707,10
Frontal ROI,241.0,0.6196194873559739,0.5492392225275866,0.9115654984792707,10
Frontal ROI,242.0,0.7177218247268934,0.5013054407780989,0.9115654984792707,10
Frontal ROI,243.0,0.8568638722541767,0.4410966463107623,0.9115654984792707,10
Frontal ROI,244.0,1.0325920663832662,0.37623933706447266,0.9115654984792707,10
Frontal ROI,245.0,1.2330015984259188,0.31488734509469696,0.9059400779847419,10
Frontal ROI,246.0,1.4395430382352752,0.26305658841128343,0.9059400779847419,10
Frontal ROI,247.0,1.6311312949061938,0.22334037927137107,0.9059400779847419,10
Frontal ROI,248.0,1.791335049499118,0.19521176782070182,0.9059400779847419,10
Frontal ROI,249.0,1.9151637972664137,0.1761612037833341,0.9059400779847419,10
Frontal ROI,250.0,2.010079503433207,0.16295529989894353,0.9059400779847419,10
Frontal ROI,251.0,2.090713119443994,0.15259747238104204,0.9059400779847419,10
Frontal ROI,252.0,2.172345008319825,0.14285108340904806,0.9021496348625467,10
Frontal ROI,253.0,2.2672850553206354,0.13237593737086784,0.8754295480847014,10
Frontal ROI,254.0,2.383721816438916,0.12067689175612661,0.8544899103135835,10
Frontal ROI,255.0,2.5244963739970414,0.10804010175750656,0.805703312042682,10
Frontal ROI,256.0,2.685748734026833,0.09533967996261339,0.7851938248912401,10
Frontal ROI,257.0,2.8596188443424784,0.08347299603340008,0.7761891545233285,10
Frontal ROI,258.0,3.043478152092443,0.07268005090834317,0.7761891545233285,10
Frontal ROI,259.0,3.2490224178842446,0.06241223278267638,0.7761891545233285,10
Frontal ROI,260.0,3.5018468682930948,0.05192960384994616,0.7761891545233285,10
Frontal ROI,261.0,3.8308927181529095,0.04110273500445338,0.7761891545233285,10
Frontal ROI,262.0,4.252693416726444,0.030721698560461475,0.7761891545233285,10
Frontal ROI,263.0,4.755761472645643,0.02196953458655304,0.7761891545233285,10
Frontal ROI,264.0,5.296079318791438,0.0155320951753799,0.7587667921802707,10
Frontal ROI,265.0,5.813244092244613,0.011280568115206169,0.6493487124162578,10
Frontal ROI,266.0,6.251911801153773,0.008674890837265803,0.6081098476923328,10
Frontal ROI,267.0,6.563760984407908,0.007230221648886315,0.6081098476923328,10
Frontal ROI,268.0,6.697917673256986,0.006692743190225503,0.6081098476923328,10
Frontal ROI,269.0,6.605285092637661,0.007058903100150227,0.6081098476923328,10
Frontal ROI,270.0,6.263429871707595,0.008616152242864716,0.6081098476923328,10
Frontal ROI,271.0,5.706106146561823,0.012042130187462696,0.6493487124162578,10
Frontal ROI,272.0,5.029369439645833,0.01840090651507076,0.7587667921802707,10
Frontal ROI,273.0,4.359260421865001,0.028585174080602127,0.7761891545233285,10
Frontal ROI,274.0,3.8030380117344538,0.041914594685731554,0.7761891545233285,10
Frontal ROI,275.0,3.419975333792759,0.05509294458721237,0.7761891545233285,10
Frontal ROI,276.0,3.220878804269285,0.06371778209580137,0.7761891545233285,10
Frontal ROI,277.0,3.1802953607565936,0.06565415377442063,0.7761891545233285,10
Frontal ROI,278.0,3.2475110303047328,0.062481584085108066,0.7761891545233285,10
Frontal ROI,279.0,3.355324295208453,0.05774245492933383,0.7761891545233285,10
Frontal ROI,280.0,3.4305325620564657,0.05467325933637912,0.7761891545233285,10
Frontal ROI,281.0,3.407402306494107,0.055597441426444294,0.7761891545233285,10
Frontal ROI,282.0,3.244441836686335,0.06262268028352636,0.7761891545233285,10
Frontal ROI,283.0,2.9431198081191816,0.07836506247538155,0.7761891545233285,10
Frontal ROI,284.0,2.555109260374002,0.10549116240769563,0.7996155487638211,10
Frontal ROI,285.0,2.1591777981066325,0.1443752702158485,0.9036345037616947,10
Frontal ROI,286.0,1.8170452776844976,0.19107539094358938,0.9059400779847419,10
Frontal ROI,287.0,1.5465746222638765,0.23998257904078646,0.9059400779847419,10
Frontal ROI,288.0,1.3316845781809377,0.28883002311850037,0.9059400779847419,10
Frontal ROI,289.0,1.15023769932913,0.3387635462105496,0.9063864347083789,10
Frontal ROI,290.0,0.9922331585941215,0.3901391659747152,0.9115654984792707,10
Frontal ROI,291.0,0.8601072649910891,0.4397925105635755,0.9115654984792707,10
Frontal ROI,292.0,0.7608537773004929,0.48171738840166045,0.9115654984792707,10
Frontal ROI,293.0,0.6996873914567445,0.5097567031583259,0.9115654984792707,10
Frontal ROI,294.0,0.6774365711830441,0.5204027506565523,0.9115654984792707,10
Frontal ROI,295.0,0.690446662317975,0.514148325481941,0.9115654984792707,10
Frontal ROI,296.0,0.7318320368659939,0.49480165322559433,0.9115654984792707,10
Frontal ROI,297.0,0.7926521640667242,0.46782090803317533,0.9115654984792707,10
Frontal ROI,298.0,0.8614611064695574,0.43924941230684844,0.9115654984792707,10
Frontal ROI,299.0,0.9229596186924964,0.4153474695290923,0.9115654984792707,10
Frontal ROI,300.0,0.9591109288521649,0.40197353135118374,0.9115654984792707,10
Frontal ROI,301.0,0.9539395601334938,0.4038569772215178,0.9115654984792707,10
Frontal ROI,302.0,0.8990255302026589,0.4244735036336821,0.9115654984792707,10
Frontal ROI,303.0,0.7981217325010738,0.4654758002449009,0.9115654984792707,10
Frontal ROI,304.0,0.670262599898423,0.5238876682949591,0.9115654984792707,10
Frontal ROI,305.0,0.54490144301236,0.5891685410273156,0.9164423027326498,10
Frontal ROI,306.0,0.446834634738397,0.6465554344698117,0.9339146850473633,10
Frontal ROI,307.0,0.38529779737992537,0.6857251341339539,0.9370240136996134,10
Frontal ROI,308.0,0.3573487621214108,0.7043803561654218,0.9392687723490394,10
Frontal ROI,309.0,0.35637959778105105,0.7050372864554966,0.9392687723490394,10
Frontal ROI,310.0,0.37533161741375515,0.6923135647330119,0.9374471079451092,10
Frontal ROI,311.0,0.4039888893105817,0.673555860003909,0.9353158078269981,10
Frontal ROI,312.0,0.4262893273720028,0.659349518681961,0.9339146850473633,10
Frontal ROI,313.0,0.42480736837716954,0.6602831922754028,0.9339146850473633,10
Frontal ROI,314.0,0.39132251714504335,0.6817761219153822,0.9353158078269981,10
Frontal ROI,315.0,0.3327597806447096,0.7212599167365819,0.9392687723490394,10
Frontal ROI,316.0,0.2665986388704613,0.7689523139817573,0.9392687723490394,10
Frontal ROI,317.0,0.21047567279804233,0.8121645827734354,0.9392687723490394,10
Frontal ROI,318.0,0.17368294539854365,0.8419553261010541,0.9392687723490394,10
Frontal ROI,319.0,0.1552393931684575,0.8573442542590834,0.9392687723490394,10
Frontal ROI,320.0,0.14791013270804773,0.8635462034890383,0.9392687723490394,10
Frontal ROI,321.0,0.14416359647948762,0.8667357275999249,0.9392687723490394,10
Frontal ROI,322.0,0.14077026748056262,0.8696358568619151,0.9392687723490394,10
Frontal ROI,323.0,0.14054440006233984,0.869829278207274,0.9392687723490394,10
Frontal ROI,324.0,0.14956420191159173,0.8621422027859066,0.9392687723490394,10
Frontal ROI,325.0,0.16873463562323734,0.8460537487886293,0.9392687723490394,10
Frontal ROI,326.0,0.18691263587234627,0.8311057887115413,0.9392687723490394,10
Frontal ROI,327.0,0.18889299866467593,0.8294951207654294,0.9392687723490394,10
Frontal ROI,328.0,0.1711137787965608,0.8440804704632462,0.9392687723490394,10
Frontal ROI,329.0,0.1437137761286414,0.8671195507331562,0.9392687723490394,10
Frontal ROI,330.0,0.12011819141228723,0.8875204849576337,0.9392687723490394,10
Frontal ROI,331.0,0.10841283187261475,0.8978385051860835,0.9392687723490394,10
Frontal ROI,332.0,0.10966413537761835,0.896729170929692,0.9392687723490394,10
Frontal ROI,333.0,0.12027207556031837,0.8873857197842069,0.9392687723490394,10
Frontal ROI,334.0,0.13443050096733286,0.8750831118511533,0.9392687723490394,10
Frontal ROI,335.0,0.14553156028305617,0.865569629648888,0.9392687723490394,10
Frontal ROI,336.0,0.1479560642994011,0.8635071817348774,0.9392687723490394,10
Frontal ROI,337.0,0.13985624850958886,0.8704188708531597,0.9392687723490394,10
Frontal ROI,338.0,0.12440233152271128,0.8837770989512536,0.9392687723490394,10
Frontal ROI,339.0,0.10747385389172417,0.8986719509047872,0.9392687723490394,10
Frontal ROI,340.0,0.09415844526192245,0.9105838345834252,0.9400872872503403,10
Frontal ROI,341.0,0.08728859746399975,0.916798086429039,0.9433144956510513,10
Frontal ROI,342.0,0.08799867108663804,0.9161535972867358,0.9433144956510513,10
Frontal ROI,343.0,0.09652818496742636,0.908451109347573,0.9392687723490394,10
Frontal ROI,344.0,0.11231777327035959,0.8943816429957883,0.9392687723490394,10
Frontal ROI,345.0,0.13366778435871743,0.875741004256958,0.9392687723490394,10
Frontal ROI,346.0,0.15765072476856354,0.8553146412809451,0.9392687723490394,10
Frontal ROI,347.0,0.18050025685081186,0.8363449928112486,0.9392687723490394,10
Frontal ROI,348.0,0.1980499024910017,0.8220925868731193,0.9392687723490394,10
Frontal ROI,349.0,0.2060038208444642,0.8157220982651922,0.9392687723490394,10
Frontal ROI,350.0,0.20058182067170216,0.8200587336648466,0.9392687723490394,10
Frontal ROI,351.0,0.1801222713815889,0.8366549674323036,0.9392687723490394,10
Frontal ROI,352.0,0.1471060526365203,0.8642296371806625,0.9392687723490394,10
Frontal ROI,353.0,0.10858543338772968,0.897685395916131,0.9392687723490394,10
Frontal ROI,354.0,0.07336863862909919,0.929534644012044,0.9508701376421915,10
Frontal ROI,355.0,0.04762215756797224,0.9536137082732451,0.9652318789652969,10
Frontal ROI,356.0,0.032700090679215255,0.9678861339397381,0.9734407172048155,10
Frontal ROI,357.0,0.0265841394357868,0.9738042659156295,0.9751954148669376,10
Frontal ROI,358.0,0.026950965671629648,0.9734481733589857,0.9751954148669376,10
Frontal ROI,359.0,0.03331982642412061,0.9672886767944183,0.9734407172048155,10
Frontal ROI,360.0,0.04698703455552151,0.9542163938986459,0.9652318789652969,10
Frontal ROI,361.0,0.06897136270133172,0.9335988547612702,0.9512395307960034,10
Frontal ROI,362.0,0.09774723501210675,0.9073561475305256,0.9392687723490394,10
Frontal ROI,363.0,0.1292290365982955,0.8795806338697678,0.9392687723490394,10
Frontal ROI,364.0,0.1595872152241107,0.8536885660606558,0.9392687723490394,10
Frontal ROI,365.0,0.18811909336986388,0.8301241399223191,0.9392687723490394,10
Frontal ROI,366.0,0.21673193939021196,0.807216397795988,0.9392687723490394,10
Frontal ROI,367.0,0.24614530439702312,0.7843974219083397,0.9392687723490394,10
Frontal ROI,368.0,0.27294110120318493,0.7642317444665976,0.9392687723490394,10
Frontal ROI,369.0,0.29116539284031756,0.7508459895281505,0.9392687723490394,10
Frontal ROI,370.0,0.29758448867589693,0.7461933648331638,0.9392687723490394,10
Frontal ROI,371.0,0.29629698405749516,0.7471239868066193,0.9392687723490394,10
Frontal ROI,372.0,0.2988683688308466,0.7452666450377944,0.9392687723490394,10
Frontal ROI,373.0,0.31894665560463636,0.7309390316820583,0.9392687723490394,10
Frontal ROI,374.0,0.3645417427086974,0.6995259277065509,0.9392687723490394,10
Frontal ROI,375.0,0.43419345288263445,0.6543944209636199,0.9339146850473633,10
Frontal ROI,376.0,0.5196747730467525,0.6033698167327965,0.9226441320234569,10
Frontal ROI,377.0,0.610403741347343,0.5539976043534031,0.9115654984792707,10
Frontal ROI,378.0,0.6939567923381773,0.5124752169563694,0.9115654984792707,10
Frontal ROI,379.0,0.7542688759851082,0.4846520793769523,0.9115654984792707,10
Frontal ROI,380.0,0.775027159509627,0.4754674930860032,0.9115654984792707,10
Frontal ROI,381.0,0.7509463831277803,0.4861403498400888,0.9115654984792707,10
Frontal ROI,382.0,0.6957469397169848,0.5116242706192049,0.9115654984792707,10
Frontal ROI,383.0,0.6345095980108026,0.5416466500420105,0.9115654984792707,10
Frontal ROI,384.0,0.587492788881517,0.5660269794885071,0.9115654984792707,10
Frontal ROI,385.0,0.5617225781230566,0.5799056416858599,0.9115654984792707,10
Frontal ROI,386.0,0.5541459258984682,0.5840576987255366,0.9118584561394235,10
Frontal ROI,387.0,0.559005465299946,0.5813908543331119,0.9115654984792707,10
Frontal ROI,388.0,0.572580804677959,0.5740123225757848,0.9115654984792707,10
Frontal ROI,389.0,0.5932763472221168,0.5629631773518153,0.9115654984792707,10
Frontal ROI,390.0,0.6185916078006587,0.549767692655561,0.9115654984792707,10
Frontal ROI,391.0,0.6418607938684521,0.5379412800776581,0.9115654984792707,10
Frontal ROI,392.0,0.6515255658374651,0.5331125375710037,0.9115654984792707,10
Frontal ROI,393.0,0.6347095199671265,0.5415455050482794,0.9115654984792707,10
Frontal ROI,394.0,0.5842855505801667,0.5677339755236597,0.9115654984792707,10
Frontal ROI,395.0,0.5045591786671433,0.6120610924222192,0.9246871245430509,10
Frontal ROI,396.0,0.4099213173383057,0.6697437304512862,0.9352397510883499,10
Frontal ROI,397.0,0.3171930741889093,0.7321780892236451,0.9392687723490394,10
Frontal ROI,398.0,0.2384408022452054,0.790304513556088,0.9392687723490394,10
Frontal ROI,399.0,0.17875879518047297,0.8377741748326166,0.9392687723490394,10
Frontal ROI,400.0,0.1379450399177997,0.8720586815399254,0.9392687723490394,10
Frontal ROI,401.0,0.11317754292393833,0.89362251714515,0.9392687723490394,10
Frontal ROI,402.0,0.10098299363445616,0.9044568649404104,0.9392687723490394,10
Frontal ROI,403.0,0.0981536021332752,0.9069914708411205,0.9392687723490394,10
Frontal ROI,404.0,0.10200163994545275,0.9035462757971621,0.9392687723490394,10
Frontal ROI,405.0,0.11059665437224328,0.8959034431977885,0.9392687723490394,10
Frontal ROI,406.0,0.12327687502175864,0.8847587958541778,0.9392687723490394,10
Frontal ROI,407.0,0.14077636629136075,0.8696306348138436,0.9392687723490394,10
Frontal ROI,408.0,0.16393223846550334,0.8500525259404541,0.9392687723490394,10
Frontal ROI,409.0,0.1913290569521848,0.8275185820412725,0.9392687723490394,10
Frontal ROI,410.0,0.2178741754248027,0.8063166054135581,0.9392687723490394,10
Frontal ROI,411.0,0.23577262135638194,0.7923617344246763,0.9392687723490394,10
Frontal ROI,412.0,0.23770458607999229,0.7908715574815456,0.9392687723490394,10
Frontal ROI,413.0,0.22110734284522462,0.8037757251515659,0.9392687723490394,10
Frontal ROI,414.0,0.19125610465766063,0.8275776971021297,0.9392687723490394,10
Frontal ROI,415.0,0.15955350747158753,0.8537168411417908,0.9392687723490394,10
Frontal ROI,416.0,0.13711124122611162,0.8727751532481202,0.9392687723490394,10
Frontal ROI,417.0,0.12999734277607922,0.8789146930143069,0.9392687723490394,10
Frontal ROI,418.0,0.1397394070444105,0.8705190220622038,0.9392687723490394,10
Frontal ROI,419.0,0.1651120627258483,0.8490681880629964,0.9392687723490394,10
Frontal ROI,420.0,0.2017109700728571,0.8191535074411007,0.9392687723490394,10
Frontal ROI,421.0,0.24107955272552742,0.7882758193367242,0.9392687723490394,10
Frontal ROI,422.0,0.2725291252733975,0.7645373902457294,0.9392687723490394,10
Frontal ROI,423.0,0.28762723929677536,0.7534242520877301,0.9392687723490394,10
Frontal ROI,424.0,0.2844408317555862,0.7557546170329512,0.9392687723490394,10
Frontal ROI,425.0,0.2685030139730361,0.7675315304710986,0.9392687723490394,10
Frontal ROI,426.0,0.2496331444279171,0.7817394171983213,0.9392687723490394,10
Frontal ROI,427.0,0.2371613991531767,0.7912902174143408,0.9392687723490394,10
Frontal ROI,428.0,0.2371884089995168,0.7912693938275144,0.9392687723490394,10
Frontal ROI,429.0,0.2525685308929615,0.7795101792165708,0.9392687723490394,10
Frontal ROI,430.0,0.28364410148900143,0.7563385530208004,0.9392687723490394,10
Frontal ROI,431.0,0.3281811864669609,0.7244523534156491,0.9392687723490394,10
Frontal ROI,432.0,0.3806549712181707,0.6887857002941132,0.9374471079451092,10
Frontal ROI,433.0,0.43213512903002854,0.6556807880304185,0.9339146850473633,10
Frontal ROI,434.0,0.47191785642593337,0.6313079777689923,0.9339146850473633,10
Frontal ROI,435.0,0.4907665882339864,0.6201131640332438,0.9328311759384204,10
Frontal ROI,436.0,0.48427956960739355,0.623940906552622,0.9339146850473633,10
Frontal ROI,437.0,0.4547395120120191,0.6417065500448267,0.9339146850473633,10
Frontal ROI,438.0,0.4103846812815005,0.6694469874474396,0.9352397510883499,10
Frontal ROI,439.0,0.3620491928209544,0.701203888515266,0.9392687723490394,10
Frontal ROI,440.0,0.3189957568545233,0.730904370933063,0.9392687723490394,10
Frontal ROI,441.0,0.2865606118680407,0.7542034351257607,0.9392687723490394,10
Frontal ROI,442.0,0.2662925830285463,0.7691809233166274,0.9392687723490394,10
Frontal ROI,443.0,0.2572394006142384,0.7759775001129247,0.9392687723490394,10
Frontal ROI,444.0,0.2571383379110522,0.7760537474639618,0.9392687723490394,10
Frontal ROI,445.0,0.26330508951963566,0.7714164112559909,0.9392687723490394,10
Frontal ROI,446.0,0.2734307025212349,0.7638686847908496,0.9392687723490394,10
Frontal ROI,447.0,0.2862069505657022,0.7544619862079699,0.9392687723490394,10
Frontal ROI,448.0,0.30159672246300473,0.7433015305985967,0.9392687723490394,10
Frontal ROI,449.0,0.3210086446266436,0.7294850369544809,0.9392687723490394,10
Frontal ROI,450.0,0.34796157531174426,0.7107720113498129,0.9392687723490394,10
Frontal ROI,451.0,0.38923616852851833,0.6831407897395478,0.9353158078269981,10
Frontal ROI,452.0,0.4551062957586606,0.6414825463094047,0.9339146850473633,10
Frontal ROI,453.0,0.5568543605324758,0.5825696766315454,0.9115654984792707,10
Frontal ROI,454.0,0.7009430802674591,0.5091631649623822,0.9115654984792707,10
Frontal ROI,455.0,0.8811803436832846,0.4314228594473839,0.9115654984792707,10
Frontal ROI,456.0,1.0753311020315013,0.36211677252546226,0.9115654984792707,10
Frontal ROI,457.0,1.2551869914408689,0.3088092725016425,0.9059400779847419,10
Frontal ROI,458.0,1.405043352332206,0.27101138689578685,0.9059400779847419,10
Frontal ROI,459.0,1.5286715735117216,0.24368027521933855,0.9059400779847419,10
Frontal ROI,460.0,1.638261049074156,0.22199684213102655,0.9059400779847419,10
Frontal ROI,461.0,1.7391230637858068,0.2039215917988061,0.9059400779847419,10
Frontal ROI,462.0,1.8235880264886115,0.19003837277602664,0.9059400779847419,10
Frontal ROI,463.0,1.8763084172562123,0.1819068093305367,0.9059400779847419,10
Frontal ROI,464.0,1.8839310452438902,0.1807634202237196,0.9059400779847419,10
Frontal ROI,465.0,1.840492231754051,0.1873879076327416,0.9059400779847419,10
Frontal ROI,466.0,1.7466246929724614,0.20264404479909803,0.9059400779847419,10
Frontal ROI,467.0,1.6077160481113877,0.22781672925204,0.9059400779847419,10
Frontal ROI,468.0,1.4366033227840835,0.26372420508398886,0.9059400779847419,10
Frontal ROI,469.0,1.2593061779760735,0.3076951603436575,0.9059400779847419,10
Frontal ROI,470.0,1.1122668914652818,0.3503852977312074,0.9115654984792707,10
Frontal ROI,471.0,1.024914641242328,0.37884052868916884,0.9115654984792707,10
Frontal ROI,472.0,1.0029409755892413,0.3863965405132682,0.9115654984792707,10
Frontal ROI,473.0,1.0259961530234063,0.3784728950185031,0.9115654984792707,10
Frontal ROI,474.0,1.057768694467904,0.36784748604387674,0.9115654984792707,10
Frontal ROI,475.0,1.0659484506916506,0.3651659435473742,0.9115654984792707,10
Frontal ROI,476.0,1.040491039962908,0.37358377706341905,0.9115654984792707,10
Frontal ROI,477.0,0.9937806327026728,0.38959580722792553,0.9115654984792707,10
Frontal ROI,478.0,0.9480264941426026,0.4060225793429597,0.9115654984792707,10
Frontal ROI,479.0,0.925847518270698,0.4142611359899139,0.9115654984792707,10
Frontal ROI,480.0,0.9480357190667222,0.40601919077226256,0.9115654984792707,10
Frontal ROI,481.0,1.0321134608609093,0.376400912322268,0.9115654984792707,10
Frontal ROI,482.0,1.1837806943326756,0.3288525699946043,0.9059400779847419,10
Frontal ROI,483.0,1.382178388729101,0.2764306559208589,0.9059400779847419,10
Frontal ROI,484.0,1.5776921597584554,0.23370299158306373,0.9059400779847419,10
Frontal ROI,485.0,1.7175801193804967,0.20764043787065867,0.9059400779847419,10
Frontal ROI,486.0,1.7772903410227623,0.19751329697375775,0.9059400779847419,10
Frontal ROI,487.0,1.7655292074306213,0.19946382040101152,0.9059400779847419,10
Frontal ROI,488.0,1.7064718970329704,0.20958739152944472,0.9059400779847419,10
Frontal ROI,489.0,1.6224104968694244,0.22499603290721482,0.9059400779847419,10
Frontal ROI,490.0,1.5293458458023594,0.2435398692520525,0.9059400779847419,10
Frontal ROI,491.0,1.4404045032699468,0.26286130350064285,0.9059400779847419,10
Frontal ROI,492.0,1.3653182463026767,0.28050384452249943,0.9059400779847419,10
Frontal ROI,493.0,1.3055105005222396,0.2954996655352222,0.9059400779847419,10
Frontal ROI,494.0,1.2529244203674146,0.30942313442711766,0.9059400779847419,10
Frontal ROI,495.0,1.1941832047074799,0.32584471151862693,0.9059400779847419,10
Frontal ROI,496.0,1.1165720377269306,0.349045609449518,0.9115654984792707,10
Frontal ROI,497.0,1.0134162256913943,0.3827737668123372,0.9115654984792707,10
Frontal ROI,498.0,0.8874057945155348,0.42898425953397956,0.9115654984792707,10
Frontal ROI,499.0,0.7507415229345925,0.4862322805492444,0.9115654984792707,10
Frontal ROI,500.0,0.6226586597690486,0.5476799726909026,0.9115654984792707,10
Frontal ROI,501.0,0.5263328322879445,0.5995850933362046,0.9217305930453495,10
Frontal ROI,502.0,0.484903636706535,0.6235715293936293,0.9339146850473633,10
Frontal ROI,503.0,0.51316800393981,0.6070942035167896,0.9231519233519945,10
Frontal ROI,504.0,0.6068403922106618,0.5558497393048947,0.9115654984792707,10
Frontal ROI,505.0,0.7400026282157258,0.49107849742995024,0.9115654984792707,10
Frontal ROI,506.0,0.8740083719889191,0.43425133767454194,0.9115654984792707,10
Frontal ROI,507.0,0.9697569003021081,0.39812684876371474,0.9115654984792707,10
Frontal ROI,508.0,1.0006166467173354,0.3872055438625621,0.9115654984792707,10
Frontal ROI,509.0,0.9651447365817428,0.3997883062061983,0.9115654984792707,10
Frontal ROI,510.0,0.887605268611989,0.4289063762586789,0.9115654984792707,10
Frontal ROI,511.0,0.8007074065027064,0.4643717274962319,0.9115654984792707,10
Frontal ROI,512.0,0.7274793558922671,0.49679786957550975,0.9115654984792707,10
Frontal ROI,513.0,0.6766668985535618,0.5207754001379838,0.9115654984792707,10
Frontal ROI,514.0,0.6471962475620573,0.5352695840705977,0.9115654984792707,10
Frontal ROI,515.0,0.6328085964411875,0.5425080743655284,0.9115654984792707,10
Frontal ROI,516.0,0.6239251165125401,0.5470316683910551,0.9115654984792707,10
Frontal ROI,517.0,0.6081911916820802,0.5551468208497834,0.9115654984792707,10
Frontal ROI,518.0,0.5726123064185554,0.5739953220603393,0.9115654984792707,10
Frontal ROI,519.0,0.5094819422701595,0.6092153847969746,0.9243722613477904,10
Frontal ROI,520.0,0.42350850668895823,0.6611027177943776,0.9339146850473633,10
Frontal ROI,521.0,0.3317373326594314,0.7219714633702006,0.9392687723490394,10
Frontal ROI,522.0,0.2534165981852434,0.7788674422285712,0.9392687723490394,10
Frontal ROI,523.0,0.20015898929816997,0.8203979987595016,0.9392687723490394,10
Frontal ROI,524.0,0.17494026865526668,0.8409174698361292,0.9392687723490394,10
Frontal ROI,525.0,0.17605225920521062,0.8400007627405343,0.9392687723490394,10
Frontal ROI,526.0,0.19974365376854525,0.8207314012873633,0.9392687723490394,10
Frontal ROI,527.0,0.24078087921762192,0.7885051514605009,0.9392687723490394,10
Frontal ROI,528.0,0.29241967318455847,0.7499343467330206,0.9392687723490394,10
Frontal ROI,529.0,0.3465849824701231,0.7117147281449627,0.9392687723490394,10
Frontal ROI,530.0,0.3948288972538121,0.67948943799152,0.9353158078269981,10
Frontal ROI,531.0,0.43031277726566636,0.6568220275526799,0.9339146850473633,10
Frontal ROI,532.0,0.45005048599621966,0.6445779230235011,0.9339146850473633,10
Frontal ROI,533.0,0.45577891744399557,0.6410719856419436,0.9339146850473633,10
Frontal ROI,534.0,0.4520437206829071,0.6433556046428124,0.9339146850473633,10
Frontal ROI,535.0,0.44176149283658367,0.6496887622457592,0.9339146850473633,10
Frontal ROI,536.0,0.42252466491203816,0.6617242316583658,0.9339146850473633,10
Frontal ROI,537.0,0.389692567990644,0.6828420025033206,0.9353158078269981,10
Frontal ROI,538.0,0.3486883193855675,0.7102748829145507,0.9392687723490394,10
Frontal ROI,539.0,0.3237158824504097,0.7275809274674229,0.9392687723490394,10
Frontal ROI,540.0,0.3446931454453396,0.7130125612698037,0.9392687723490394,10
Frontal ROI,541.0,0.4222472134151604,0.6618996210329533,0.9339146850473633,10
Frontal ROI,542.0,0.5386005252087983,0.5926804964350809,0.9191792654889197,10
Frontal ROI,543.0,0.6590979737313737,0.5293628308494559,0.9115654984792707,10
Frontal ROI,544.0,0.7491275531839418,0.4869572230166027,0.9115654984792707,10
Frontal ROI,545.0,0.7848701435469086,0.4711801509162292,0.9115654984792707,10
Frontal ROI,546.0,0.7564065090870971,0.4836972290966013,0.9115654984792707,10
Frontal ROI,547.0,0.6673960910882226,0.5252873832413385,0.9115654984792707,10
Frontal ROI,548.0,0.5355655421443437,0.5943804064403224,0.9197807172509184,10
Frontal ROI,549.0,0.39274657175904004,0.68084639592291,0.9353158078269981,10
Frontal ROI,550.0,0.27591044047433677,0.7620327971512055,0.9392687723490394,10
Frontal ROI,551.0,0.2084743990191273,0.8137545308576202,0.9392687723490394,10
Frontal ROI,552.0,0.19441221661465216,0.8250245051034947,0.9392687723490394,10
Frontal ROI,553.0,0.23429445229388868,0.7935039931514264,0.9392687723490394,10
Frontal ROI,554.0,0.33428853956523513,0.7201974689598838,0.9392687723490394,10
Frontal ROI,555.0,0.49083886954573375,0.6200706608306299,0.9328311759384204,10
Frontal ROI,556.0,0.6705509564003954,0.523747093513381,0.9115654984792707,10
Frontal ROI,557.0,0.8155661323315846,0.458083241478057,0.9115654984792707,10
Frontal ROI,558.0,0.878104392805836,0.4326334365182053,0.9115654984792707,10
Frontal ROI,559.0,0.8512158299324271,0.4433779365785191,0.9115654984792707,10
Frontal ROI,560.0,0.7671644950883825,0.47892341084037515,0.9115654984792707,10
Frontal ROI,561.0,0.672074712631463,0.5230049526869458,0.9115654984792707,10
Frontal ROI,562.0,0.6017399377917807,0.5585128045180295,0.9115654984792707,10
Frontal ROI,563.0,0.5718017812170065,0.5744329154920097,0.9115654984792707,10
Frontal ROI,564.0,0.581138972736276,0.5694142464415981,0.9115654984792707,10
Frontal ROI,565.0,0.6205155168094096,0.5487790017697602,0.9115654984792707,10
Frontal ROI,566.0,0.6794577640946273,0.5194255671889728,0.9115654984792707,10
Frontal ROI,567.0,0.7493775036402198,0.4868448748908215,0.9115654984792707,10
Frontal ROI,568.0,0.8246824656395138,0.4542719061912781,0.9115654984792707,10
Frontal ROI,569.0,0.9039226571895229,0.4225882560538399,0.9115654984792707,10
Frontal ROI,570.0,0.9903508024176385,0.3908012459622715,0.9115654984792707,10
Frontal ROI,571.0,1.0888265675513578,0.3577805092655848,0.9115654984792707,10
Frontal ROI,572.0,1.1993942890317217,0.3243494419435815,0.9059400779847419,10
Frontal ROI,573.0,1.3137184889385365,0.293389877476544,0.9059400779847419,10
Frontal ROI,574.0,1.4181624139335522,0.2679553747490001,0.9059400779847419,10
Frontal ROI,575.0,1.4993378705884217,0.24987648054053369,0.9059400779847419,10
Frontal ROI,576.0,1.546151184384414,0.24006931270398213,0.9059400779847419,10
Frontal ROI,577.0,1.5481413219708868,0.23966197127289446,0.9059400779847419,10
Frontal ROI,578.0,1.4950243429472507,0.25080231025388766,0.9059400779847419,10
Frontal ROI,579.0,1.3824780648422486,0.27635885505560487,0.9059400779847419,10
Frontal ROI,580.0,1.2224664741214568,0.3178200786635065,0.9059400779847419,10
Frontal ROI,581.0,1.044692076292153,0.3721799168008354,0.9115654984792707,10
Frontal ROI,582.0,0.8805430900828369,0.4316733487518818,0.9115654984792707,10
Frontal ROI,583.0,0.7463346549551118,0.4882145405269118,0.9115654984792707,10
Frontal ROI,584.0,0.6429993143125445,0.5373699317194308,0.9115654984792707,10
Frontal ROI,585.0,0.564988730917497,0.5781258927071369,0.9115654984792707,10
Frontal ROI,586.0,0.505673637987837,0.6114155646335462,0.9246871245430509,10
Frontal ROI,587.0,0.4573283580614571,0.6401273350913177,0.9339146850473633,10
Frontal ROI,588.0,0.41079710763292304,0.6691829882744211,0.9352397510883499,10
Frontal ROI,589.0,0.3586793834495919,0.7034795265086624,0.9392687723490394,10
Frontal ROI,590.0,0.3000182176268102,0.7444377560790534,0.9392687723490394,10
Frontal ROI,591.0,0.24094539207015608,0.7883788234818103,0.9392687723490394,10
Frontal ROI,592.0,0.189889955940266,0.8286855885580507,0.9392687723490394,10
Frontal ROI,593.0,0.15246554679209243,0.8596856164158502,0.9392687723490394,10
Frontal ROI,594.0,0.13033895828383663,0.8786187726081429,0.9392687723490394,10
Frontal ROI,595.0,0.1229461265791008,0.8850475266297517,0.9392687723490394,10
Frontal ROI,596.0,0.12918813751344255,0.8796160994756838,0.9392687723490394,10
Frontal ROI,597.0,0.1478837812130016,0.8635685916135772,0.9392687723490394,10
Frontal ROI,598.0,0.17700722316844755,0.8392143920209416,0.9392687723490394,10
Frontal ROI,599.0,0.21236741914033178,0.8106648236734166,0.9392687723490394,10
Frontal ROI,600.0,0.24716095496609236,0.7836223825234783,0.9392687723490394,10
